label,lm0,lm1,lm2,lm3,lm4,lm5,lm6,lm7,lm8,lm9,lm10,lm11,lm12,lm13,lm14,lm15,lm16,lm17,lm18,lm19,lm20,lm21,lm22,lm23,lm24,lm25,lm26,lm27,lm28,lm29,lm30,lm31,lm32,lm33,lm34,lm35,lm36,lm37,lm38,lm39,lm40,lm41,lm42,lm43,lm44,lm45,lm46,lm47,lm48,lm49,lm50,lm51,lm52,lm53,lm54,lm55,lm56,lm57,lm58,lm59,lm60,lm61,lm62,lm63,lm64,lm65,lm66,lm67,lm68,lm69,lm70,lm71,lm72,lm73,lm74,lm75,lm76,lm77,lm78,lm79,lm80,lm81,lm82,lm83,lm84,lm85,lm86,lm87,lm88,lm89,lm90,lm91,lm92,lm93,lm94,lm95,lm96,lm97,lm98,lm99,lm100,lm101,lm102,lm103,lm104,lm105,lm106,lm107,lm108,lm109,lm110,lm111,lm112,lm113,lm114,lm115,lm116,lm117,lm118,lm119,lm120,lm121,lm122,lm123,lm124,lm125
halo,0.0,0.0,0.0,0.0,0.0,0.0,0.0,0.0,0.0,0.0,0.0,0.0,0.0,0.0,0.0,0.0,0.0,0.0,0.0,0.0,0.0,0.0,0.0,0.0,0.0,0.0,0.0,0.0,0.0,0.0,0.0,0.0,0.0,0.0,0.0,0.0,0.0,0.0,0.0,0.0,0.0,0.0,0.0,0.0,0.0,0.0,0.0,0.0,0.0,0.0,0.0,0.0,0.0,0.0,0.0,0.0,0.0,0.0,0.0,0.0,0.0,0.0,0.0,0.9324742555618286,0.6769918203353882,4.3261923110549105e-07,0.8700410723686218,0.6497247219085693,-0.01950095221400261,0.8185757398605347,0.5949285626411438,-0.027089539915323257,0.7893320322036743,0.5408198237419128,-0.03333505615592003,0.7676572799682617,0.4947735667228699,-0.03867172822356224,0.8435308337211609,0.49589458107948303,-0.008408487774431705,0.8233677744865417,0.42229288816452026,-0.022250529378652573,0.8158886432647705,0.3764182925224304,-0.03485843911767006,0.8125020265579224,0.3362240493297577,-0.0440995879471302,0.8792808651924133,0.4787222743034363,-0.010857535526156425,0.8650126457214355,0.3963817358016968,-0.02207217924296856,0.859000027179718,0.34390270709991455,-0.03390525281429291,0.8555199503898621,0.29974231123924255,-0.04271288961172104,0.915203869342804,0.47907555103302,-0.017110811546444893,0.9081836938858032,0.3995155096054077,-0.031846437603235245,0.9039885997772217,0.35014012455940247,-0.043045371770858765,0.9002915620803833,0.30771392583847046,-0.05041452869772911,0.9533150792121887,0.49327021837234497,-0.02517554722726345,0.9590550065040588,0.42646288871765137,-0.03970466926693916,0.9629434943199158,0.3844040632247925,-0.04626991227269173,0.9655017852783203,0.3455832898616791,-0.050029534846544266
halo,0.0,0.0,0.0,0.0,0.0,0.0,0.0,0.0,0.0,0.0,0.0,0.0,0.0,0.0,0.0,0.0,0.0,0.0,0.0,0.0,0.0,0.0,0.0,0.0,0.0,0.0,0.0,0.0,0.0,0.0,0.0,0.0,0.0,0.0,0.0,0.0,0.0,0.0,0.0,0.0,0.0,0.0,0.0,0.0,0.0,0.0,0.0,0.0,0.0,0.0,0.0,0.0,0.0,0.0,0.0,0.0,0.0,0.0,0.0,0.0,0.0,0.0,0.0,0.9251520037651062,0.671507716178894,3.6440761164158175e-07,0.8637434244155884,0.6459190249443054,-0.019218888133764267,0.811806321144104,0.5937258005142212,-0.02706008404493332,0.7822537422180176,0.5395547747612,-0.03348603844642639,0.7615357637405396,0.49351927638053894,-0.03869069367647171,0.8345522284507751,0.4930087924003601,-0.009169720113277435,0.814746618270874,0.41782158613204956,-0.023176243528723717,0.8079557418823242,0.3721426725387573,-0.03544741868972778,0.8046188354492188,0.33209341764450073,-0.04437091946601868,0.8691474795341492,0.47562769055366516,-0.011361605487763882,0.8562039732933044,0.3930034637451172,-0.02191626839339733,0.8523632884025574,0.3422968089580536,-0.032336603850126266,0.8503239154815674,0.2989438772201538,-0.040527958422899246,0.90413898229599,0.4748757481575012,-0.017354151234030724,0.8976891040802002,0.39708760380744934,-0.030947254970669746,0.8940420746803284,0.3497239351272583,-0.04024852067232132,0.8905214667320251,0.3089749217033386,-0.04671494662761688,0.9413338899612427,0.4865739941596985,-0.02534588985145092,0.9467856287956238,0.4210740923881531,-0.038742631673812866,0.9505450129508972,0.37839996814727783,-0.044607456773519516,0.9528619050979614,0.3390609622001648,-0.04814712330698967
halo,0.0,0.0,0.0,0.0,0.0,0.0,0.0,0.0,0.0,0.0,0.0,0.0,0.0,0.0,0.0,0.0,0.0,0.0,0.0,0.0,0.0,0.0,0.0,0.0,0.0,0.0,0.0,0.0,0.0,0.0,0.0,0.0,0.0,0.0,0.0,0.0,0.0,0.0,0.0,0.0,0.0,0.0,0.0,0.0,0.0,0.0,0.0,0.0,0.0,0.0,0.0,0.0,0.0,0.0,0.0,0.0,0.0,0.0,0.0,0.0,0.0,0.0,0.0,0.9125590324401855,0.6700829267501831,3.557225909389672e-07,0.8513579368591309,0.641301155090332,-0.018161913380026817,0.8010743856430054,0.5909041166305542,-0.02636670507490635,0.7711492776870728,0.5400586724281311,-0.03366609662771225,0.7487301826477051,0.4963442385196686,-0.04005100950598717,0.8237435817718506,0.4935755133628845,-0.008394182659685612,0.8025469183921814,0.42050036787986755,-0.023639917373657227,0.7947087287902832,0.37587207555770874,-0.036806292831897736,0.7905188798904419,0.33619093894958496,-0.04617320001125336,0.8581022024154663,0.47562700510025024,-0.011501499451696873,0.8444570899009705,0.3945351839065552,-0.023272179067134857,0.8399359583854675,0.34486138820648193,-0.03453516587615013,0.837317943572998,0.3009703755378723,-0.043182216584682465,0.8928700685501099,0.47404542565345764,-0.018345840275287628,0.8854866623878479,0.397623747587204,-0.03268216550350189,0.8819185495376587,0.3515547513961792,-0.041661977767944336,0.8789390325546265,0.311937153339386,-0.047651465982198715,0.9293942451477051,0.4852535128593445,-0.027130763977766037,0.9331731796264648,0.4207664132118225,-0.040461935102939606,0.936530351638794,0.3792133331298828,-0.0455496720969677,0.9388871192932129,0.3415886163711548,-0.048427335917949677
halo,0.0,0.0,0.0,0.0,0.0,0.0,0.0,0.0,0.0,0.0,0.0,0.0,0.0,0.0,0.0,0.0,0.0,0.0,0.0,0.0,0.0,0.0,0.0,0.0,0.0,0.0,0.0,0.0,0.0,0.0,0.0,0.0,0.0,0.0,0.0,0.0,0.0,0.0,0.0,0.0,0.0,0.0,0.0,0.0,0.0,0.0,0.0,0.0,0.0,0.0,0.0,0.0,0.0,0.0,0.0,0.0,0.0,0.0,0.0,0.0,0.0,0.0,0.0,0.8942521214485168,0.6782715320587158,3.722479391399247e-07,0.8321285247802734,0.6539913415908813,-0.02065522037446499,0.7785449624061584,0.6063473224639893,-0.03126915916800499,0.7461722493171692,0.5590658187866211,-0.04059528186917305,0.7248613238334656,0.5187273025512695,-0.0490376316010952,0.8011689186096191,0.5034646987915039,-0.013875970616936684,0.7788195013999939,0.43236735463142395,-0.03267676755785942,0.7686197757720947,0.3877015709877014,-0.048341523855924606,0.7622828483581543,0.3488077223300934,-0.05910652130842209,0.835523784160614,0.4842627942562103,-0.016569936648011208,0.8208014369010925,0.4031931757926941,-0.03192829340696335,0.8150959014892578,0.35178154706954956,-0.044736143201589584,0.8127917051315308,0.30807340145111084,-0.053958989679813385,0.8705970048904419,0.48146331310272217,-0.023079853504896164,0.8612506985664368,0.40521010756492615,-0.0395195335149765,0.8567296266555786,0.3601096272468567,-0.04862891137599945,0.853759765625,0.3229125738143921,-0.05422653630375862,0.907651424407959,0.4924352169036865,-0.031802643090486526,0.9088205695152283,0.42715275287628174,-0.04626476764678955,0.9096446633338928,0.38665270805358887,-0.0515848733484745,0.9101634621620178,0.35106250643730164,-0.054390519857406616
halo,0.0,0.0,0.0,0.0,0.0,0.0,0.0,0.0,0.0,0.0,0.0,0.0,0.0,0.0,0.0,0.0,0.0,0.0,0.0,0.0,0.0,0.0,0.0,0.0,0.0,0.0,0.0,0.0,0.0,0.0,0.0,0.0,0.0,0.0,0.0,0.0,0.0,0.0,0.0,0.0,0.0,0.0,0.0,0.0,0.0,0.0,0.0,0.0,0.0,0.0,0.0,0.0,0.0,0.0,0.0,0.0,0.0,0.0,0.0,0.0,0.0,0.0,0.0,0.8705173134803772,0.6919264197349548,3.393183476418926e-07,0.8094707727432251,0.6748577952384949,-0.016819309443235397,0.7515614032745361,0.6337838768959045,-0.025728469714522362,0.7148677706718445,0.5974807739257812,-0.03418678790330887,0.6897197961807251,0.5673204064369202,-0.0418301485478878,0.767306923866272,0.5296033024787903,-0.00952050369232893,0.7350418567657471,0.45932531356811523,-0.024467842653393745,0.719322681427002,0.41708725690841675,-0.037181224673986435,0.7105535268783569,0.38087987899780273,-0.045803070068359375,0.8014402389526367,0.5064425468444824,-0.013632727786898613,0.7806219458580017,0.42819422483444214,-0.025160405784845352,0.7733213901519775,0.37993741035461426,-0.03518303483724594,0.7728621959686279,0.3392367959022522,-0.04222024232149124,0.837010383605957,0.4980156123638153,-0.021194279193878174,0.8250384330749512,0.42274537682533264,-0.03315266966819763,0.8224644064903259,0.37749379873275757,-0.03837618976831436,0.8234997987747192,0.3386112451553345,-0.0418122373521328,0.8748894929885864,0.5017411112785339,-0.030957799404859543,0.8736562728881836,0.4399886727333069,-0.040177226066589355,0.8748192191123962,0.40368330478668213,-0.04030418395996094,0.8768954277038574,0.371601402759552,-0.03964822739362717
halo,0.0,0.0,0.0,0.0,0.0,0.0,0.0,0.0,0.0,0.0,0.0,0.0,0.0,0.0,0.0,0.0,0.0,0.0,0.0,0.0,0.0,0.0,0.0,0.0,0.0,0.0,0.0,0.0,0.0,0.0,0.0,0.0,0.0,0.0,0.0,0.0,0.0,0.0,0.0,0.0,0.0,0.0,0.0,0.0,0.0,0.0,0.0,0.0,0.0,0.0,0.0,0.0,0.0,0.0,0.0,0.0,0.0,0.0,0.0,0.0,0.0,0.0,0.0,0.851901650428772,0.7018740773200989,2.627151900469471e-07,0.7899661064147949,0.6996766328811646,-0.02040484920144081,0.7303358912467957,0.6748331785202026,-0.032730583101511,0.6877281069755554,0.6459912657737732,-0.04389595612883568,0.6532028317451477,0.624120831489563,-0.05431345850229263,0.7310594916343689,0.56242835521698,-0.012164932675659657,0.6892343163490295,0.5056446194648743,-0.028397785499691963,0.6668129563331604,0.47350308299064636,-0.04316326975822449,0.6511145234107971,0.4451351463794708,-0.05352551117539406,0.7616326808929443,0.5312221050262451,-0.014939526095986366,0.7279211282730103,0.4622320234775543,-0.02659224532544613,0.7098547220230103,0.4211954176425934,-0.03784490376710892,0.6980510950088501,0.38604170083999634,-0.046646974980831146,0.7964560985565186,0.5166782736778259,-0.021606910973787308,0.7740973830223083,0.44596046209335327,-0.033842865377664566,0.7619194388389587,0.4054434895515442,-0.04133932292461395,0.7530087828636169,0.3720759153366089,-0.04700485244393349,0.8358616828918457,0.5146417021751404,-0.030656471848487854,0.8286373019218445,0.45537859201431274,-0.04115932434797287,0.8230143785476685,0.42091813683509827,-0.04425409436225891,0.8175195455551147,0.39049720764160156,-0.0461556613445282
halo,0.0,0.0,0.0,0.0,0.0,0.0,0.0,0.0,0.0,0.0,0.0,0.0,0.0,0.0,0.0,0.0,0.0,0.0,0.0,0.0,0.0,0.0,0.0,0.0,0.0,0.0,0.0,0.0,0.0,0.0,0.0,0.0,0.0,0.0,0.0,0.0,0.0,0.0,0.0,0.0,0.0,0.0,0.0,0.0,0.0,0.0,0.0,0.0,0.0,0.0,0.0,0.0,0.0,0.0,0.0,0.0,0.0,0.0,0.0,0.0,0.0,0.0,0.0,0.8360990285873413,0.7172901630401611,2.15359833077855e-07,0.7748830914497375,0.7282655239105225,-0.02120782434940338,0.7116300463676453,0.7126405239105225,-0.03296537697315216,0.6676950454711914,0.6859255433082581,-0.043506283313035965,0.6309207081794739,0.6674833297729492,-0.05327148735523224,0.7006548643112183,0.6009269952774048,-0.013651021756231785,0.6542863845825195,0.5536864995956421,-0.032184697687625885,0.6283113956451416,0.5272625088691711,-0.04860551282763481,0.6073553562164307,0.5039752125740051,-0.060120586305856705,0.7247332334518433,0.5653886198997498,-0.016148529946804047,0.6842861771583557,0.5040290355682373,-0.030132869258522987,0.6612089276313782,0.4676956832408905,-0.04214991256594658,0.6431960463523865,0.4367564916610718,-0.051341161131858826,0.7557666897773743,0.5457227826118469,-0.022763701155781746,0.7235840559005737,0.48328351974487305,-0.03721122816205025,0.703461766242981,0.44758734107017517,-0.04574219137430191,0.6857101321220398,0.4193033277988434,-0.051744189113378525,0.7941354513168335,0.5373666882514954,-0.03192557021975517,0.7778611183166504,0.47984135150909424,-0.04473569989204407,0.76426762342453,0.44717398285865784,-0.04996703937649727,0.7498095631599426,0.4205082058906555,-0.053255822509527206
halo,0.0,0.0,0.0,0.0,0.0,0.0,0.0,0.0,0.0,0.0,0.0,0.0,0.0,0.0,0.0,0.0,0.0,0.0,0.0,0.0,0.0,0.0,0.0,0.0,0.0,0.0,0.0,0.0,0.0,0.0,0.0,0.0,0.0,0.0,0.0,0.0,0.0,0.0,0.0,0.0,0.0,0.0,0.0,0.0,0.0,0.0,0.0,0.0,0.0,0.0,0.0,0.0,0.0,0.0,0.0,0.0,0.0,0.0,0.0,0.0,0.0,0.0,0.0,0.82962965965271,0.7116609215736389,2.3728451026272523e-07,0.7684305310249329,0.7264370322227478,-0.015975186601281166,0.7030382752418518,0.7154859304428101,-0.021873388439416885,0.6568966507911682,0.6979224681854248,-0.027319200336933136,0.6217181086540222,0.6843602061271667,-0.0320146270096302,0.687650203704834,0.6190656423568726,-0.003952171187847853,0.6365261077880859,0.5800643563270569,-0.016239965334534645,0.6082636117935181,0.5545343160629272,-0.02752155251801014,0.5857177972793579,0.5309651494026184,-0.03579975664615631,0.7082313895225525,0.5837748646736145,-0.006933928932994604,0.6616538763046265,0.5273877382278442,-0.016669169068336487,0.633795976638794,0.49437952041625977,-0.026520375162363052,0.6113327145576477,0.4672301411628723,-0.03376726433634758,0.7366234660148621,0.5613124370574951,-0.01353161595761776,0.6962986588478088,0.50441974401474,-0.025185732170939445,0.6704949736595154,0.47120460867881775,-0.03380081430077553,0.6485786437988281,0.4451139271259308,-0.039652418345212936,0.7721785306930542,0.5475583672523499,-0.02205408737063408,0.7494942545890808,0.4935062527656555,-0.032053593546152115,0.7336699366569519,0.4606912136077881,-0.03639678284525871,0.7187421321868896,0.43330836296081543,-0.03919418528676033
halo,0.8664520978927612,0.6755948066711426,4.065177279244381e-07,0.814285397529602,0.6322001218795776,-0.012078419327735901,0.7671754956245422,0.5744821429252625,-0.013672770000994205,0.7315549850463867,0.5233806371688843,-0.015314726158976555,0.70694899559021,0.4826592206954956,-0.016023647040128708,0.7683349251747131,0.5287554860115051,0.0078990263864398,0.7467838525772095,0.43953561782836914,-0.0027379123494029045,0.7347173690795898,0.38378840684890747,-0.012864591553807259,0.7281994223594666,0.3424533009529114,-0.018892183899879456,0.7751951217651367,0.5337072610855103,0.00727853225544095,0.761464536190033,0.4307224154472351,0.0011429585283622146,0.7497002482414246,0.37157779932022095,-0.008196304552257061,0.742183268070221,0.3235403299331665,-0.015255700796842575,0.7799565196037292,0.5497927069664001,0.002533039078116417,0.7636945247650146,0.46229636669158936,-0.007709322031587362,0.7507404685020447,0.4101294279098511,-0.018012110143899918,0.7451208233833313,0.36934971809387207,-0.02410750463604927,0.7820392847061157,0.5764572620391846,-0.0034569776616990566,0.752967357635498,0.5405973196029663,-0.013749251142144203,0.7366913557052612,0.5156010389328003,-0.01980472542345524,0.7273924350738525,0.49173158407211304,-0.02331884205341339,0.8717742562294006,0.588910698890686,4.0276290746987797e-07,0.8187069296836853,0.5929756760597229,-0.02355961501598358,0.7699721455574036,0.5597641468048096,-0.03539152815937996,0.7385752201080322,0.518241286277771,-0.04377027228474617,0.7168164253234863,0.4799721837043762,-0.051750022917985916,0.7867940664291382,0.47319769859313965,-0.028706848621368408,0.7636853456497192,0.40501832962036133,-0.04575711116194725,0.7505979537963867,0.35933446884155273,-0.05771094188094139,0.7403644919395447,0.3221147954463959,-0.06583841145038605,0.8192352652549744,0.4526362121105194,-0.028675127774477005,0.8009715676307678,0.37583059072494507,-0.04354405030608177,0.7900531888008118,0.3237309455871582,-0.055332012474536896,0.7813603281974792,0.2800171673297882,-0.06345514953136444,0.8529286980628967,0.4468391537666321,-0.031147971749305725,0.8395723700523376,0.36876389384269714,-0.04821733012795448,0.8299973607063293,0.3185592591762543,-0.060871560126543045,0.8223687410354614,0.2764837145805359,-0.06871121376752853,0.8880105018615723,0.4520200192928314,-0.03488057851791382,0.8856855630874634,0.38955238461494446,-0.05236794427037239,0.8839840888977051,0.3484613299369812,-0.06115231662988663,0.8814526796340942,0.3119610846042633,-0.06599577516317368
halo,0.0,0.0,0.0,0.0,0.0,0.0,0.0,0.0,0.0,0.0,0.0,0.0,0.0,0.0,0.0,0.0,0.0,0.0,0.0,0.0,0.0,0.0,0.0,0.0,0.0,0.0,0.0,0.0,0.0,0.0,0.0,0.0,0.0,0.0,0.0,0.0,0.0,0.0,0.0,0.0,0.0,0.0,0.0,0.0,0.0,0.0,0.0,0.0,0.0,0.0,0.0,0.0,0.0,0.0,0.0,0.0,0.0,0.0,0.0,0.0,0.0,0.0,0.0,0.8798427581787109,0.6308183670043945,3.7718112366746936e-07,0.8196603655815125,0.6094123125076294,-0.02169547788798809,0.7683197855949402,0.5686057209968567,-0.029767265543341637,0.731823205947876,0.5263845920562744,-0.0365656353533268,0.708982527256012,0.48212888836860657,-0.04280759021639824,0.7870367169380188,0.4673576354980469,-0.009364419616758823,0.7601843476295471,0.39859652519226074,-0.022739596664905548,0.7467918992042542,0.3561805486679077,-0.034301429986953735,0.7377273440361023,0.31984686851501465,-0.04293573275208473,0.8192155957221985,0.4479680061340332,-0.01057868916541338,0.8004999756813049,0.36756443977355957,-0.02174837701022625,0.7910462021827698,0.31895333528518677,-0.03332553431391716,0.7842469215393066,0.27893346548080444,-0.041973747313022614,0.8519023656845093,0.44505834579467773,-0.01574760489165783,0.8407595157623291,0.36650240421295166,-0.03157132491469383,0.8342885375022888,0.317252516746521,-0.04238693788647652,0.828636109828949,0.2753834128379822,-0.049300599843263626,0.8861412405967712,0.454429566860199,-0.022720277309417725,0.886671781539917,0.3933923840522766,-0.038367997854948044,0.8864826560020447,0.3512161076068878,-0.044748011976480484,0.8850244283676147,0.31435656547546387,-0.04827636107802391
halo,0.0,0.0,0.0,0.0,0.0,0.0,0.0,0.0,0.0,0.0,0.0,0.0,0.0,0.0,0.0,0.0,0.0,0.0,0.0,0.0,0.0,0.0,0.0,0.0,0.0,0.0,0.0,0.0,0.0,0.0,0.0,0.0,0.0,0.0,0.0,0.0,0.0,0.0,0.0,0.0,0.0,0.0,0.0,0.0,0.0,0.0,0.0,0.0,0.0,0.0,0.0,0.0,0.0,0.0,0.0,0.0,0.0,0.0,0.0,0.0,0.0,0.0,0.0,0.8672150373458862,0.6429145932197571,3.4494252076910925e-07,0.805557906627655,0.6339529156684875,-0.023667844012379646,0.7432519793510437,0.6046165227890015,-0.037441451102495193,0.7002332806587219,0.5696386098861694,-0.04939956218004227,0.6860774755477905,0.5335198640823364,-0.060298725962638855,0.7608305811882019,0.49504250288009644,-0.018041301518678665,0.7316552996635437,0.4257388114929199,-0.037674430757761,0.7179930806159973,0.38263922929763794,-0.053972866386175156,0.7100919485092163,0.34462183713912964,-0.0651058778166771,0.7953936457633972,0.46698689460754395,-0.01923908293247223,0.7737765908241272,0.3887259066104889,-0.03410223126411438,0.764061689376831,0.3400862216949463,-0.045836471021175385,0.7594849467277527,0.2969367802143097,-0.05428633838891983,0.830771267414093,0.45503687858581543,-0.02443602681159973,0.8169800639152527,0.3802330493927002,-0.03874601423740387,0.81108158826828,0.33365797996520996,-0.045674823224544525,0.807915449142456,0.29482704401016235,-0.05004340782761574,0.8678994178771973,0.45699557662010193,-0.03227661922574043,0.8637657761573792,0.3946937620639801,-0.0433613546192646,0.8608870506286621,0.3570718765258789,-0.045745849609375,0.8580049276351929,0.32428354024887085,-0.046623896807432175
halo,0.0,0.0,0.0,0.0,0.0,0.0,0.0,0.0,0.0,0.0,0.0,0.0,0.0,0.0,0.0,0.0,0.0,0.0,0.0,0.0,0.0,0.0,0.0,0.0,0.0,0.0,0.0,0.0,0.0,0.0,0.0,0.0,0.0,0.0,0.0,0.0,0.0,0.0,0.0,0.0,0.0,0.0,0.0,0.0,0.0,0.0,0.0,0.0,0.0,0.0,0.0,0.0,0.0,0.0,0.0,0.0,0.0,0.0,0.0,0.0,0.0,0.0,0.0,0.8214504718780518,0.7082004547119141,7.2114443305792975e-09,0.7547975778579712,0.7298115491867065,-0.012281417846679688,0.6941207051277161,0.7394481897354126,-0.022740673273801804,0.6459306478500366,0.7372731566429138,-0.034990061074495316,0.6170716285705566,0.7144400477409363,-0.04665248468518257,0.6607053875923157,0.6570377945899963,0.002252086065709591,0.6067535877227783,0.6372327208518982,-0.0175650492310524,0.577131986618042,0.6334782242774963,-0.036771733313798904,0.5509870648384094,0.6301036477088928,-0.050017356872558594,0.6743480563163757,0.621988832950592,-0.004664487671107054,0.6164728999137878,0.5936517715454102,-0.01973036676645279,0.5839323997497559,0.5814180374145508,-0.03314566984772682,0.555741548538208,0.5708925724029541,-0.04289836809039116,0.6968951225280762,0.5921680331230164,-0.015749463811516762,0.6437804698944092,0.5569023489952087,-0.030725719407200813,0.6135717630386353,0.5409222841262817,-0.035170942544937134,0.5888360142707825,0.5304624438285828,-0.037518471479415894,0.7280982732772827,0.567690908908844,-0.028970303013920784,0.6890827417373657,0.5301802754402161,-0.039104998111724854,0.663955569267273,0.5111756324768066,-0.03849619999527931,0.6416948437690735,0.49847912788391113,-0.03741297870874405
halo,0.0,0.0,0.0,0.0,0.0,0.0,0.0,0.0,0.0,0.0,0.0,0.0,0.0,0.0,0.0,0.0,0.0,0.0,0.0,0.0,0.0,0.0,0.0,0.0,0.0,0.0,0.0,0.0,0.0,0.0,0.0,0.0,0.0,0.0,0.0,0.0,0.0,0.0,0.0,0.0,0.0,0.0,0.0,0.0,0.0,0.0,0.0,0.0,0.0,0.0,0.0,0.0,0.0,0.0,0.0,0.0,0.0,0.0,0.0,0.0,0.0,0.0,0.0,0.842128336429596,0.679097592830658,2.587371454865206e-07,0.7791215181350708,0.7116869688034058,-0.023415260016918182,0.7128943204879761,0.7191742658615112,-0.034088991582393646,0.6625235080718994,0.7024608254432678,-0.043169956654310226,0.6296910047531128,0.677187442779541,-0.051367368549108505,0.6811742782592773,0.6240803599357605,-0.008114212192595005,0.6336594820022583,0.5832130908966064,-0.023145854473114014,0.6077528595924377,0.5577576160430908,-0.03961015120148659,0.5830820202827454,0.5387484431266785,-0.052742477506399155,0.6963485479354858,0.5802949666976929,-0.008060275577008724,0.652274489402771,0.5387049913406372,-0.02060510590672493,0.624619722366333,0.516642689704895,-0.034995220601558685,0.6018382906913757,0.4997081756591797,-0.04642670601606369,0.7218916416168213,0.5470479130744934,-0.012153664603829384,0.6829981207847595,0.5027776956558228,-0.02623165026307106,0.6564295291900635,0.47874677181243896,-0.032536864280700684,0.6356257796287537,0.4597906470298767,-0.03720467910170555,0.7566360831260681,0.5260245203971863,-0.019017254933714867,0.7293760776519775,0.4853612184524536,-0.03239112347364426,0.7114604711532593,0.4626123309135437,-0.03407447785139084,0.696388840675354,0.4450715184211731,-0.03417211398482323
halo,0.0,0.0,0.0,0.0,0.0,0.0,0.0,0.0,0.0,0.0,0.0,0.0,0.0,0.0,0.0,0.0,0.0,0.0,0.0,0.0,0.0,0.0,0.0,0.0,0.0,0.0,0.0,0.0,0.0,0.0,0.0,0.0,0.0,0.0,0.0,0.0,0.0,0.0,0.0,0.0,0.0,0.0,0.0,0.0,0.0,0.0,0.0,0.0,0.0,0.0,0.0,0.0,0.0,0.0,0.0,0.0,0.0,0.0,0.0,0.0,0.0,0.0,0.0,0.8550689220428467,0.6705203056335449,2.0219923158038e-07,0.7923019528388977,0.6666843891143799,-0.008819197304546833,0.7305324673652649,0.6388251781463623,-0.016298653557896614,0.688359260559082,0.6074907779693604,-0.023587970063090324,0.6661210656166077,0.5710250735282898,-0.03111898899078369,0.7290355563163757,0.5573407411575317,-0.01456079538911581,0.6876246929168701,0.4976567327976227,-0.028902115300297737,0.6651428937911987,0.46428734064102173,-0.03955899178981781,0.6456984281539917,0.4354938268661499,-0.04738394543528557,0.7460124492645264,0.534511148929596,-0.02054719440639019,0.7073758840560913,0.46706095337867737,-0.0320674292743206,0.6821441650390625,0.4297374486923218,-0.0404081717133522,0.6640625596046448,0.398462176322937,-0.04710792750120163,0.7676234841346741,0.5220134258270264,-0.028039779514074326,0.7281884551048279,0.4617921710014343,-0.04000667482614517,0.7005050182342529,0.426350474357605,-0.04338476061820984,0.6816779971122742,0.39514225721359253,-0.04557187110185623,0.7909525632858276,0.520524799823761,-0.03636160120368004,0.7532793283462524,0.48130446672439575,-0.045987170189619064,0.7321978807449341,0.4551008939743042,-0.04525637626647949,0.7176482677459717,0.4336227774620056,-0.044122256338596344
halo,0.8603916168212891,0.651313841342926,2.8201785085002484e-07,0.7932949066162109,0.6255892515182495,-0.008449182845652103,0.7401233315467834,0.5679395794868469,-0.015875020995736122,0.7107240557670593,0.5137912034988403,-0.02373439073562622,0.7168534994125366,0.4638707637786865,-0.030849840492010117,0.7398691177368164,0.5271299481391907,-0.011448398232460022,0.7136507630348206,0.4578818380832672,-0.03108344040811062,0.7177406549453735,0.41814684867858887,-0.046343930065631866,0.7265219688415527,0.39494025707244873,-0.054895710200071335,0.7756762504577637,0.49717381596565247,-0.016270821914076805,0.7597304582595825,0.41320884227752686,-0.026498941704630852,0.7582008838653564,0.3629748821258545,-0.0353747121989727,0.758192241191864,0.3272683024406433,-0.042306073009967804,0.8162170648574829,0.47940412163734436,-0.022740593180060387,0.8032171726226807,0.40214115381240845,-0.0317051075398922,0.7984697222709656,0.3524641990661621,-0.03204227611422539,0.7968979477882385,0.3161899447441101,-0.03210458904504776,0.8580866456031799,0.4724394679069519,-0.030117563903331757,0.8483200669288635,0.41193312406539917,-0.03323196992278099,0.843726396560669,0.37216952443122864,-0.02642553485929966,0.8416615128517151,0.3429768681526184,-0.02086031623184681,0.0,0.0,0.0,0.0,0.0,0.0,0.0,0.0,0.0,0.0,0.0,0.0,0.0,0.0,0.0,0.0,0.0,0.0,0.0,0.0,0.0,0.0,0.0,0.0,0.0,0.0,0.0,0.0,0.0,0.0,0.0,0.0,0.0,0.0,0.0,0.0,0.0,0.0,0.0,0.0,0.0,0.0,0.0,0.0,0.0,0.0,0.0,0.0,0.0,0.0,0.0,0.0,0.0,0.0,0.0,0.0,0.0,0.0,0.0,0.0,0.0,0.0,0.0
halo,0.0,0.0,0.0,0.0,0.0,0.0,0.0,0.0,0.0,0.0,0.0,0.0,0.0,0.0,0.0,0.0,0.0,0.0,0.0,0.0,0.0,0.0,0.0,0.0,0.0,0.0,0.0,0.0,0.0,0.0,0.0,0.0,0.0,0.0,0.0,0.0,0.0,0.0,0.0,0.0,0.0,0.0,0.0,0.0,0.0,0.0,0.0,0.0,0.0,0.0,0.0,0.0,0.0,0.0,0.0,0.0,0.0,0.0,0.0,0.0,0.0,0.0,0.0,0.8747751116752625,0.6402753591537476,3.917951687526511e-07,0.8120686411857605,0.6145628690719604,-0.020271003246307373,0.7585272789001465,0.5712475776672363,-0.030460163950920105,0.7242116928100586,0.5270804762840271,-0.0394180528819561,0.7155840396881104,0.4769272208213806,-0.047373685985803604,0.7934120893478394,0.4717477560043335,-0.012134101241827011,0.776577353477478,0.39835911989212036,-0.027879174798727036,0.7706877589225769,0.35267695784568787,-0.04109335318207741,0.7688010931015015,0.3117634952068329,-0.050415970385074615,0.8294037580490112,0.45447495579719543,-0.013118740171194077,0.822712779045105,0.3738505244255066,-0.02439611405134201,0.8205859065055847,0.32375994324684143,-0.034598253667354584,0.8206889033317566,0.27964240312576294,-0.042561016976833344,0.8642308115959167,0.45066699385643005,-0.017588796094059944,0.8623687624931335,0.3746609091758728,-0.03128908947110176,0.8613481521606445,0.32710790634155273,-0.038029178977012634,0.8606925010681152,0.2884301543235779,-0.0420997329056263,0.8984985947608948,0.45868635177612305,-0.02397816814482212,0.9047042727470398,0.3968922793865204,-0.03543323278427124,0.9076155424118042,0.3577309250831604,-0.03800904005765915,0.9089666604995728,0.3240472078323364,-0.03899780288338661
halo,0.0,0.0,0.0,0.0,0.0,0.0,0.0,0.0,0.0,0.0,0.0,0.0,0.0,0.0,0.0,0.0,0.0,0.0,0.0,0.0,0.0,0.0,0.0,0.0,0.0,0.0,0.0,0.0,0.0,0.0,0.0,0.0,0.0,0.0,0.0,0.0,0.0,0.0,0.0,0.0,0.0,0.0,0.0,0.0,0.0,0.0,0.0,0.0,0.0,0.0,0.0,0.0,0.0,0.0,0.0,0.0,0.0,0.0,0.0,0.0,0.0,0.0,0.0,0.8243197202682495,0.7185105681419373,-1.850315278772996e-08,0.7607296705245972,0.7445328831672668,-0.012918384745717049,0.7005165815353394,0.7576817274093628,-0.021502302959561348,0.6538547873497009,0.757068932056427,-0.03156748041510582,0.6190966963768005,0.7409353852272034,-0.04089534655213356,0.667466402053833,0.6750423908233643,0.0012965649366378784,0.6099372506141663,0.6632838249206543,-0.01604636199772358,0.5805739760398865,0.6622990965843201,-0.03238100931048393,0.5538058280944824,0.6598047018051147,-0.04389628395438194,0.6790270209312439,0.6357776522636414,-0.006049185525625944,0.6133148670196533,0.6110285520553589,-0.02016141265630722,0.5763139128684998,0.5994566679000854,-0.033719807863235474,0.5447239875793457,0.5890087485313416,-0.04383718967437744,0.7013168334960938,0.602500855922699,-0.01747479848563671,0.6444202065467834,0.5682546496391296,-0.03350573405623436,0.6114626526832581,0.552071213722229,-0.04198256880044937,0.5848068594932556,0.5419300198554993,-0.04729638993740082,0.7331141829490662,0.5734383463859558,-0.03078761324286461,0.695468544960022,0.5338551998138428,-0.043074872344732285,0.6707271933555603,0.5124717354774475,-0.04578494653105736,0.6484761834144592,0.49712079763412476,-0.047378793358802795
halo,0.0,0.0,0.0,0.0,0.0,0.0,0.0,0.0,0.0,0.0,0.0,0.0,0.0,0.0,0.0,0.0,0.0,0.0,0.0,0.0,0.0,0.0,0.0,0.0,0.0,0.0,0.0,0.0,0.0,0.0,0.0,0.0,0.0,0.0,0.0,0.0,0.0,0.0,0.0,0.0,0.0,0.0,0.0,0.0,0.0,0.0,0.0,0.0,0.0,0.0,0.0,0.0,0.0,0.0,0.0,0.0,0.0,0.0,0.0,0.0,0.0,0.0,0.0,0.8227089643478394,0.7129801511764526,1.4152793426092103e-07,0.7627323269844055,0.7456014156341553,-0.014214284718036652,0.7035590410232544,0.7610659599304199,-0.021970001980662346,0.6568458676338196,0.7591632008552551,-0.030258221551775932,0.618362307548523,0.7473132014274597,-0.03775867819786072,0.6702093482017517,0.6777757406234741,-0.0026523119304329157,0.6108494997024536,0.6693764925003052,-0.01901075430214405,0.5764807462692261,0.6651645302772522,-0.033422891050577164,0.5467270612716675,0.6593179702758789,-0.04346157982945442,0.678505003452301,0.6400671005249023,-0.007603632751852274,0.6163185834884644,0.6145796179771423,-0.021070577204227448,0.5794802308082581,0.6011298298835754,-0.03225170820951462,0.5491786003112793,0.5909047722816467,-0.03989194706082344,0.6972231864929199,0.6086682677268982,-0.016317667439579964,0.6415112018585205,0.5768684148788452,-0.030104823410511017,0.6089874505996704,0.562393069267273,-0.036338288336992264,0.582241415977478,0.554582953453064,-0.039827194064855576,0.7259722948074341,0.5812510848045349,-0.027096444740891457,0.6874472498893738,0.5444212555885315,-0.03751257434487343,0.6610847115516663,0.5245126485824585,-0.039810243993997574,0.6371828317642212,0.5110445022583008,-0.04069435968995094
halo,0.0,0.0,0.0,0.0,0.0,0.0,0.0,0.0,0.0,0.0,0.0,0.0,0.0,0.0,0.0,0.0,0.0,0.0,0.0,0.0,0.0,0.0,0.0,0.0,0.0,0.0,0.0,0.0,0.0,0.0,0.0,0.0,0.0,0.0,0.0,0.0,0.0,0.0,0.0,0.0,0.0,0.0,0.0,0.0,0.0,0.0,0.0,0.0,0.0,0.0,0.0,0.0,0.0,0.0,0.0,0.0,0.0,0.0,0.0,0.0,0.0,0.0,0.0,0.8276268839836121,0.6926014423370361,1.371757463175527e-07,0.7594258189201355,0.7155606746673584,-0.009634844027459621,0.6969896554946899,0.7226306200027466,-0.01781131885945797,0.6486451625823975,0.7143235802650452,-0.028018612414598465,0.6330375075340271,0.6785972118377686,-0.03795589134097099,0.6717274188995361,0.6430355906486511,0.002503502182662487,0.6209492087364197,0.6207225322723389,-0.014883749186992645,0.5913993716239929,0.6132158637046814,-0.030932946130633354,0.5661907196044922,0.6064699292182922,-0.04237055405974388,0.6880879402160645,0.6054089069366455,-0.005082994233816862,0.6362125873565674,0.5753153562545776,-0.018663424998521805,0.6061501502990723,0.5600289702415466,-0.030405735597014427,0.580024242401123,0.5467869639396667,-0.03872054070234299,0.7130596041679382,0.5744668245315552,-0.016055244952440262,0.6648328304290771,0.5404579639434814,-0.029253533110022545,0.6357767581939697,0.5222920179367065,-0.033040035516023636,0.6113141775131226,0.5091280937194824,-0.03490721806883812,0.7464525103569031,0.5499461889266968,-0.02878439798951149,0.7094696164131165,0.5135948657989502,-0.0375167615711689,0.6846312880516052,0.494128942489624,-0.03669806197285652,0.6619316339492798,0.4809999167919159,-0.03545782342553139
halo,0.0,0.0,0.0,0.0,0.0,0.0,0.0,0.0,0.0,0.0,0.0,0.0,0.0,0.0,0.0,0.0,0.0,0.0,0.0,0.0,0.0,0.0,0.0,0.0,0.0,0.0,0.0,0.0,0.0,0.0,0.0,0.0,0.0,0.0,0.0,0.0,0.0,0.0,0.0,0.0,0.0,0.0,0.0,0.0,0.0,0.0,0.0,0.0,0.0,0.0,0.0,0.0,0.0,0.0,0.0,0.0,0.0,0.0,0.0,0.0,0.0,0.0,0.0,0.8465956449508667,0.664915919303894,1.0941173655965031e-07,0.7828916907310486,0.6900525093078613,-0.008553690277040005,0.7167156338691711,0.6824287176132202,-0.010367393493652344,0.6706668734550476,0.6613205075263977,-0.01229588221758604,0.6434558033943176,0.6362721920013428,-0.013554409146308899,0.6939380764961243,0.6068323254585266,0.0009360183030366898,0.6489162445068359,0.5688279867172241,-0.010380957275629044,0.6234676837921143,0.5442823171615601,-0.02105015516281128,0.6024898290634155,0.5252633094787598,-0.029245944693684578,0.7128610014915466,0.5677589178085327,-0.0036887850146740675,0.6683866381645203,0.5246034264564514,-0.01363012008368969,0.6425336003303528,0.4988655149936676,-0.022965796291828156,0.6208162307739258,0.4773028492927551,-0.029782641679048538,0.7390826940536499,0.536370038986206,-0.010939867235720158,0.6971217393875122,0.49218156933784485,-0.023266421630978584,0.6693037748336792,0.465352863073349,-0.028035108000040054,0.6460447311401367,0.4429035782814026,-0.03088788315653801,0.7718319892883301,0.5139909982681274,-0.01923433318734169,0.7408010959625244,0.4736751317977905,-0.032481417059898376,0.7200438380241394,0.4473244249820709,-0.03508257493376732,0.7015898823738098,0.42697107791900635,-0.035588640719652176
halo,0.0,0.0,0.0,0.0,0.0,0.0,0.0,0.0,0.0,0.0,0.0,0.0,0.0,0.0,0.0,0.0,0.0,0.0,0.0,0.0,0.0,0.0,0.0,0.0,0.0,0.0,0.0,0.0,0.0,0.0,0.0,0.0,0.0,0.0,0.0,0.0,0.0,0.0,0.0,0.0,0.0,0.0,0.0,0.0,0.0,0.0,0.0,0.0,0.0,0.0,0.0,0.0,0.0,0.0,0.0,0.0,0.0,0.0,0.0,0.0,0.0,0.0,0.0,0.861535370349884,0.6726060509681702,3.0624201485807134e-07,0.7913867235183716,0.6722460389137268,-0.019220275804400444,0.7270683646202087,0.6504198908805847,-0.030495649203658104,0.6821693181991577,0.6242466568946838,-0.04134531691670418,0.6746596097946167,0.5989547371864319,-0.0524941049516201,0.7302966713905334,0.5358677506446838,-0.015488110482692719,0.7005144357681274,0.4821145236492157,-0.03472229465842247,0.6824619770050049,0.4480452239513397,-0.052425410598516464,0.6676599383354187,0.4156598746776581,-0.06593587249517441,0.7598021030426025,0.5047716498374939,-0.020203756168484688,0.7330769896507263,0.44097015261650085,-0.036286208778619766,0.7177815437316895,0.40194135904312134,-0.05073261260986328,0.7058851718902588,0.3659418821334839,-0.06150748208165169,0.7952731847763062,0.4886764585971832,-0.027825916185975075,0.7737702131271362,0.42472290992736816,-0.04659280553460121,0.7643334865570068,0.38373425602912903,-0.05479321628808975,0.7591677904129028,0.3494095206260681,-0.059110917150974274,0.8365354537963867,0.48884856700897217,-0.03728953003883362,0.8272477388381958,0.43127596378326416,-0.052661772817373276,0.8209637999534607,0.3916546106338501,-0.055431488901376724,0.8164652585983276,0.3584485352039337,-0.05620471015572548
halo,0.0,0.0,0.0,0.0,0.0,0.0,0.0,0.0,0.0,0.0,0.0,0.0,0.0,0.0,0.0,0.0,0.0,0.0,0.0,0.0,0.0,0.0,0.0,0.0,0.0,0.0,0.0,0.0,0.0,0.0,0.0,0.0,0.0,0.0,0.0,0.0,0.0,0.0,0.0,0.0,0.0,0.0,0.0,0.0,0.0,0.0,0.0,0.0,0.0,0.0,0.0,0.0,0.0,0.0,0.0,0.0,0.0,0.0,0.0,0.0,0.0,0.0,0.0,0.8503482341766357,0.6950822472572327,-1.6824793647174374e-07,0.8048453330993652,0.6973771452903748,-0.013411018997430801,0.7497610449790955,0.6876242160797119,-0.016644932329654694,0.7028515934944153,0.6713900566101074,-0.021604983136057854,0.6638049483299255,0.6533964276313782,-0.026345256716012955,0.7120283246040344,0.6340265870094299,0.004717143718153238,0.6489061117172241,0.6141247749328613,-0.008111700415611267,0.6096933484077454,0.605023980140686,-0.021503549069166183,0.5803807973861694,0.5994762182235718,-0.031754784286022186,0.71292644739151,0.6052731871604919,0.001087519689463079,0.6453313827514648,0.5876756906509399,-0.0129495058208704,0.6035811901092529,0.5848379135131836,-0.029378795996308327,0.5704597234725952,0.5877953171730042,-0.040976546704769135,0.7209553122520447,0.5836659669876099,-0.006207059603184462,0.6599730849266052,0.5638563632965088,-0.020323017612099648,0.6178449392318726,0.562136173248291,-0.03563253954052925,0.5837448239326477,0.5672169923782349,-0.04548897594213486,0.7381174564361572,0.5683973431587219,-0.015217408537864685,0.6933283805847168,0.5458542704582214,-0.028464216738939285,0.6577737927436829,0.5414958596229553,-0.03812401741743088,0.6256986856460571,0.5434461236000061,-0.0442684106528759
halo,0.0,0.0,0.0,0.0,0.0,0.0,0.0,0.0,0.0,0.0,0.0,0.0,0.0,0.0,0.0,0.0,0.0,0.0,0.0,0.0,0.0,0.0,0.0,0.0,0.0,0.0,0.0,0.0,0.0,0.0,0.0,0.0,0.0,0.0,0.0,0.0,0.0,0.0,0.0,0.0,0.0,0.0,0.0,0.0,0.0,0.0,0.0,0.0,0.0,0.0,0.0,0.0,0.0,0.0,0.0,0.0,0.0,0.0,0.0,0.0,0.0,0.0,0.0,0.8165127038955688,0.7217010259628296,2.047253531145543e-07,0.7573826909065247,0.7636523842811584,-0.015124106779694557,0.6974921226501465,0.7859770655632019,-0.02160876989364624,0.6497803330421448,0.783866286277771,-0.028628654778003693,0.6115160584449768,0.7746127843856812,-0.034588560461997986,0.6596153378486633,0.7060584425926208,0.0032751383259892464,0.6019266247749329,0.7037965059280396,-0.010457695461809635,0.5686963796615601,0.7014423608779907,-0.023915182799100876,0.5401365160942078,0.6965109705924988,-0.033302877098321915,0.6647115349769592,0.667328417301178,-0.00010999752703355625,0.602796733379364,0.6477475166320801,-0.01120087318122387,0.5653566718101501,0.6390208601951599,-0.02181985042989254,0.5346668362617493,0.6316928863525391,-0.028923414647579193,0.681003987789154,0.6346426010131836,-0.007881433703005314,0.6240606904029846,0.6137913465499878,-0.01907711662352085,0.589492678642273,0.6059906482696533,-0.026359587907791138,0.5618137121200562,0.6015692949295044,-0.03049122914671898,0.707339882850647,0.6041106581687927,-0.018072355538606644,0.6661586761474609,0.5779348015785217,-0.02663448266685009,0.6372680068016052,0.5680214166641235,-0.02985050156712532,0.6112608313560486,0.5640600919723511,-0.03126310929656029
halo,0.0,0.0,0.0,0.0,0.0,0.0,0.0,0.0,0.0,0.0,0.0,0.0,0.0,0.0,0.0,0.0,0.0,0.0,0.0,0.0,0.0,0.0,0.0,0.0,0.0,0.0,0.0,0.0,0.0,0.0,0.0,0.0,0.0,0.0,0.0,0.0,0.0,0.0,0.0,0.0,0.0,0.0,0.0,0.0,0.0,0.0,0.0,0.0,0.0,0.0,0.0,0.0,0.0,0.0,0.0,0.0,0.0,0.0,0.0,0.0,0.0,0.0,0.0,0.8226578235626221,0.7134557962417603,1.4372872669810022e-07,0.7596307992935181,0.7438039183616638,-0.012633099220693111,0.6991850733757019,0.7549101114273071,-0.019620511680841446,0.6513693928718567,0.7600733637809753,-0.02829827554523945,0.6229581832885742,0.7420552372932434,-0.03650379180908203,0.6665633916854858,0.6773569583892822,0.006423491518944502,0.6138915419578552,0.6613130569458008,-0.00941628310829401,0.5812346339225769,0.6539022326469421,-0.025659414008259773,0.5537523627281189,0.6462885737419128,-0.03740594908595085,0.677093505859375,0.6378941535949707,0.001010138657875359,0.6225774884223938,0.6148880124092102,-0.011706766672432423,0.5899653434753418,0.6038777232170105,-0.024930573999881744,0.5618836283683777,0.5958807468414307,-0.03401757776737213,0.6965116262435913,0.6036734580993652,-0.008310582488775253,0.6455647349357605,0.5781038999557495,-0.021029528230428696,0.6151880025863647,0.5655347108840942,-0.025142716243863106,0.589587926864624,0.5576268434524536,-0.026880629360675812,0.7247899174690247,0.5758022665977478,-0.01979452557861805,0.6845260262489319,0.5479543805122375,-0.028340816497802734,0.6582947373390198,0.5352450609207153,-0.027256041765213013,0.6351864337921143,0.5275630950927734,-0.02541874349117279
halo,0.0,0.0,0.0,0.0,0.0,0.0,0.0,0.0,0.0,0.0,0.0,0.0,0.0,0.0,0.0,0.0,0.0,0.0,0.0,0.0,0.0,0.0,0.0,0.0,0.0,0.0,0.0,0.0,0.0,0.0,0.0,0.0,0.0,0.0,0.0,0.0,0.0,0.0,0.0,0.0,0.0,0.0,0.0,0.0,0.0,0.0,0.0,0.0,0.0,0.0,0.0,0.0,0.0,0.0,0.0,0.0,0.0,0.0,0.0,0.0,0.0,0.0,0.0,0.838024377822876,0.6977420449256897,1.5651130524929613e-07,0.7729889750480652,0.7241979837417603,-0.007922269403934479,0.7074428200721741,0.7210495471954346,-0.008018620312213898,0.6595304608345032,0.6989592909812927,-0.009213467128574848,0.6317156553268433,0.6788957118988037,-0.00946731399744749,0.6836994886398315,0.6350961327552795,0.016595078632235527,0.639528751373291,0.5956346988677979,0.010651313699781895,0.6123385429382324,0.5736569166183472,-6.383292929967865e-05,0.5881599187850952,0.5590248107910156,-0.009224757552146912,0.6994850635528564,0.5937641263008118,0.012539554387331009,0.6580727696418762,0.5511981844902039,0.009091014042496681,0.6320334672927856,0.5297547578811646,-0.0007581341778859496,0.6090461015701294,0.5154958367347717,-0.0088131008669734,0.7221230268478394,0.5619928240776062,0.005234622862190008,0.6847501993179321,0.5196177959442139,-0.0003697404754348099,0.6585793495178223,0.496798574924469,-0.0017834494356065989,0.6379942297935486,0.480194091796875,-0.002878795610740781,0.7536875009536743,0.5371125936508179,-0.003952383995056152,0.7220394611358643,0.4979325532913208,-0.009081074967980385,0.7010762095451355,0.477169930934906,-0.006365938577800989,0.6835033297538757,0.46325796842575073,-0.003558624070137739
halo,0.0,0.0,0.0,0.0,0.0,0.0,0.0,0.0,0.0,0.0,0.0,0.0,0.0,0.0,0.0,0.0,0.0,0.0,0.0,0.0,0.0,0.0,0.0,0.0,0.0,0.0,0.0,0.0,0.0,0.0,0.0,0.0,0.0,0.0,0.0,0.0,0.0,0.0,0.0,0.0,0.0,0.0,0.0,0.0,0.0,0.0,0.0,0.0,0.0,0.0,0.0,0.0,0.0,0.0,0.0,0.0,0.0,0.0,0.0,0.0,0.0,0.0,0.0,0.8408926725387573,0.67743319272995,2.1497729107977648e-07,0.7765234708786011,0.7073343396186829,-0.01137981005012989,0.7127688527107239,0.7048094868659973,-0.015304871834814548,0.6665320992469788,0.6824902892112732,-0.01956673339009285,0.633941650390625,0.6715723276138306,-0.02291899360716343,0.688369631767273,0.6225188374519348,0.008207513950765133,0.643217921257019,0.587494432926178,-0.0012369316536933184,0.6165819764137268,0.5666685104370117,-0.014138942584395409,0.5917584896087646,0.5506192445755005,-0.024549059569835663,0.7045547366142273,0.5831419825553894,0.004809809383004904,0.6624413132667542,0.5452819466590881,-0.0023276163265109062,0.6347533464431763,0.52527916431427,-0.01356457732617855,0.6113560199737549,0.509349524974823,-0.022374961525201797,0.7280139327049255,0.5532495379447937,-0.001876280177384615,0.6900250911712646,0.5146848559379578,-0.00936482846736908,0.6637332439422607,0.4931153357028961,-0.011624827980995178,0.643399178981781,0.47623127698898315,-0.013383864425122738,0.7598742842674255,0.5311645269393921,-0.010720022954046726,0.7315431833267212,0.49225127696990967,-0.01654685288667679,0.7122598886489868,0.472201406955719,-0.014321479015052319,0.6963942646980286,0.4573809504508972,-0.012003915384411812
halo,0.0,0.0,0.0,0.0,0.0,0.0,0.0,0.0,0.0,0.0,0.0,0.0,0.0,0.0,0.0,0.0,0.0,0.0,0.0,0.0,0.0,0.0,0.0,0.0,0.0,0.0,0.0,0.0,0.0,0.0,0.0,0.0,0.0,0.0,0.0,0.0,0.0,0.0,0.0,0.0,0.0,0.0,0.0,0.0,0.0,0.0,0.0,0.0,0.0,0.0,0.0,0.0,0.0,0.0,0.0,0.0,0.0,0.0,0.0,0.0,0.0,0.0,0.0,0.8649458885192871,0.6680266261100769,3.4254148317813815e-07,0.7898524403572083,0.6704530715942383,-0.021155916154384613,0.7245420813560486,0.6498598456382751,-0.03584883362054825,0.6847650408744812,0.6148180961608887,-0.049945708364248276,0.6915160417556763,0.5676395893096924,-0.06418871134519577,0.7321308255195618,0.5516610741615295,-0.021144632250070572,0.697486937046051,0.5012713074684143,-0.04379995912313461,0.6768994331359863,0.4677116274833679,-0.06333577632904053,0.6614941954612732,0.4366295337677002,-0.07756305485963821,0.7608433961868286,0.5196073055267334,-0.025574347004294395,0.7305590510368347,0.45983660221099854,-0.04517804831266403,0.70960533618927,0.42303231358528137,-0.06073245778679848,0.6941896080970764,0.3907357454299927,-0.07178471237421036,0.7955576181411743,0.5006589889526367,-0.032931093126535416,0.7699905037879944,0.4409800171852112,-0.05324994772672653,0.7535457611083984,0.3995988368988037,-0.061760880053043365,0.7444982528686523,0.36703336238861084,-0.06591753661632538,0.8360644578933716,0.49621880054473877,-0.04236288741230965,0.8214696645736694,0.43998822569847107,-0.05699959024786949,0.8105579018592834,0.4010468125343323,-0.05898332595825195,0.8043221235275269,0.3712080717086792,-0.059353914111852646
halo,0.0,0.0,0.0,0.0,0.0,0.0,0.0,0.0,0.0,0.0,0.0,0.0,0.0,0.0,0.0,0.0,0.0,0.0,0.0,0.0,0.0,0.0,0.0,0.0,0.0,0.0,0.0,0.0,0.0,0.0,0.0,0.0,0.0,0.0,0.0,0.0,0.0,0.0,0.0,0.0,0.0,0.0,0.0,0.0,0.0,0.0,0.0,0.0,0.0,0.0,0.0,0.0,0.0,0.0,0.0,0.0,0.0,0.0,0.0,0.0,0.0,0.0,0.0,0.8553430438041687,0.6788343787193298,1.5540491915544408e-07,0.7899401783943176,0.7042222023010254,-0.013374741189181805,0.7240455150604248,0.7066671848297119,-0.020618997514247894,0.679407000541687,0.6971111297607422,-0.028984833508729935,0.6496685147285461,0.683652400970459,-0.03606585040688515,0.7071026563644409,0.599920928478241,0.0049651991575956345,0.6655662059783936,0.5612998604774475,-0.008671389892697334,0.6377951502799988,0.540710985660553,-0.023156024515628815,0.6149900555610657,0.5270254611968994,-0.033589135855436325,0.7251999974250793,0.5638257265090942,-0.00010586115240585059,0.681576669216156,0.5248988270759583,-0.011316124349832535,0.652521014213562,0.5042441487312317,-0.02185594104230404,0.6299994587898254,0.49050596356391907,-0.029228709638118744,0.749598503112793,0.5359010696411133,-0.009682468138635159,0.7112793922424316,0.49285751581192017,-0.020310871303081512,0.6851655840873718,0.46816810965538025,-0.024882085621356964,0.6653799414634705,0.45174017548561096,-0.027404000982642174,0.7825064063072205,0.5149372816085815,-0.021831322461366653,0.7601541876792908,0.46890291571617126,-0.030393509194254875,0.7413603067398071,0.44468921422958374,-0.03176748752593994,0.7236545085906982,0.4288408160209656,-0.0316961370408535
halo,0.0,0.0,0.0,0.0,0.0,0.0,0.0,0.0,0.0,0.0,0.0,0.0,0.0,0.0,0.0,0.0,0.0,0.0,0.0,0.0,0.0,0.0,0.0,0.0,0.0,0.0,0.0,0.0,0.0,0.0,0.0,0.0,0.0,0.0,0.0,0.0,0.0,0.0,0.0,0.0,0.0,0.0,0.0,0.0,0.0,0.0,0.0,0.0,0.0,0.0,0.0,0.0,0.0,0.0,0.0,0.0,0.0,0.0,0.0,0.0,0.0,0.0,0.0,0.8358375430107117,0.7015058398246765,1.7778738481410983e-07,0.7754706740379333,0.7380508184432983,-0.013994141481816769,0.7145016193389893,0.7576254606246948,-0.02123011276125908,0.6677613258361816,0.7512984275817871,-0.028943313285708427,0.631345808506012,0.737662136554718,-0.03547350689768791,0.6785110235214233,0.6823504567146301,0.00028694854700006545,0.6212207078933716,0.671412467956543,-0.014602742157876492,0.5876737833023071,0.6614369750022888,-0.028140179812908173,0.5610044598579407,0.6500764489173889,-0.03739497438073158,0.6874731183052063,0.6396586298942566,-0.003625711193308234,0.6276819109916687,0.6172462105751038,-0.01529737003147602,0.5908198356628418,0.603074848651886,-0.025822345167398453,0.5620537400245667,0.5913406014442444,-0.033169109374284744,0.7072678804397583,0.6032286882400513,-0.011590840294957161,0.6532124280929565,0.5774376392364502,-0.02329559065401554,0.620333194732666,0.5629283785820007,-0.03055775724351406,0.5955976247787476,0.5547577738761902,-0.03475511819124222,0.7375844120979309,0.5699055790901184,-0.02168295904994011,0.6999896168708801,0.5374575853347778,-0.030971311032772064,0.6730557084083557,0.5224621891975403,-0.03446577489376068,0.6494977474212646,0.5147064924240112,-0.036045026034116745
halo,0.0,0.0,0.0,0.0,0.0,0.0,0.0,0.0,0.0,0.0,0.0,0.0,0.0,0.0,0.0,0.0,0.0,0.0,0.0,0.0,0.0,0.0,0.0,0.0,0.0,0.0,0.0,0.0,0.0,0.0,0.0,0.0,0.0,0.0,0.0,0.0,0.0,0.0,0.0,0.0,0.0,0.0,0.0,0.0,0.0,0.0,0.0,0.0,0.0,0.0,0.0,0.0,0.0,0.0,0.0,0.0,0.0,0.0,0.0,0.0,0.0,0.0,0.0,0.8213999271392822,0.714077889919281,1.9690297392571665e-07,0.7604604363441467,0.7439212799072266,-0.012544223107397556,0.6990995407104492,0.7558752298355103,-0.01785566657781601,0.6515684127807617,0.7524738311767578,-0.023860666900873184,0.6170542240142822,0.7318362593650818,-0.029125645756721497,0.6772765517234802,0.6800333261489868,-0.00032868279959075153,0.6226864457130432,0.666750431060791,-0.01486928015947342,0.5918656587600708,0.656714916229248,-0.02764948084950447,0.5647256970405579,0.6440393924713135,-0.03704143315553665,0.6865679621696472,0.6405607461929321,-0.004910556599497795,0.6276733875274658,0.6161383986473083,-0.017249852418899536,0.5925445556640625,0.6014666557312012,-0.02827771194279194,0.5625027418136597,0.5877633690834045,-0.03636927530169487,0.7052767872810364,0.6073045134544373,-0.013015755452215672,0.6519283056259155,0.5765179395675659,-0.027064235880970955,0.6199963092803955,0.560759961605072,-0.034381020814180374,0.592231273651123,0.5499610304832458,-0.03888317942619324,0.7331578731536865,0.5777228474617004,-0.02278928831219673,0.6971328258514404,0.541232168674469,-0.03457489609718323,0.6714938282966614,0.5226781368255615,-0.038687992841005325,0.6463445425033569,0.511501669883728,-0.04112094268202782
halo,0.0,0.0,0.0,0.0,0.0,0.0,0.0,0.0,0.0,0.0,0.0,0.0,0.0,0.0,0.0,0.0,0.0,0.0,0.0,0.0,0.0,0.0,0.0,0.0,0.0,0.0,0.0,0.0,0.0,0.0,0.0,0.0,0.0,0.0,0.0,0.0,0.0,0.0,0.0,0.0,0.0,0.0,0.0,0.0,0.0,0.0,0.0,0.0,0.0,0.0,0.0,0.0,0.0,0.0,0.0,0.0,0.0,0.0,0.0,0.0,0.0,0.0,0.0,0.8510092496871948,0.6268680095672607,1.3422136646568106e-07,0.7970439791679382,0.6259779930114746,-0.019035443663597107,0.7424756288528442,0.5917099118232727,-0.029356224462389946,0.7049062252044678,0.5563574433326721,-0.03855784982442856,0.6859284043312073,0.5163787007331848,-0.04683646932244301,0.7546847462654114,0.5019254684448242,-0.014430787414312363,0.7235541939735413,0.44396212697029114,-0.03238482028245926,0.7031029462814331,0.40913572907447815,-0.047658782452344894,0.6872581839561462,0.3806041181087494,-0.058074742555618286,0.7822569012641907,0.47637444734573364,-0.016762511804699898,0.7534019351005554,0.41128993034362793,-0.0315667949616909,0.7343401312828064,0.37083926796913147,-0.04379957914352417,0.7186501622200012,0.34003734588623047,-0.052037809044122696,0.8133817315101624,0.4626828730106354,-0.02213866636157036,0.7886384129524231,0.39875927567481995,-0.036795102059841156,0.772190272808075,0.3618810176849365,-0.04312952980399132,0.757988452911377,0.3361094892024994,-0.046419233083724976,0.8487067222595215,0.4595871567726135,-0.029552308842539787,0.836570143699646,0.40189245343208313,-0.041389383375644684,0.8250112533569336,0.37150633335113525,-0.04341863840818405,0.8127575516700745,0.35304296016693115,-0.04356357827782631
halo,0.0,0.0,0.0,0.0,0.0,0.0,0.0,0.0,0.0,0.0,0.0,0.0,0.0,0.0,0.0,0.0,0.0,0.0,0.0,0.0,0.0,0.0,0.0,0.0,0.0,0.0,0.0,0.0,0.0,0.0,0.0,0.0,0.0,0.0,0.0,0.0,0.0,0.0,0.0,0.0,0.0,0.0,0.0,0.0,0.0,0.0,0.0,0.0,0.0,0.0,0.0,0.0,0.0,0.0,0.0,0.0,0.0,0.0,0.0,0.0,0.0,0.0,0.0,0.8229153752326965,0.7079062461853027,-1.2082730904694472e-07,0.7491700649261475,0.7331850528717041,-0.009685144759714603,0.6794633269309998,0.742671549320221,-0.019813239574432373,0.6291512846946716,0.7208917140960693,-0.03318728506565094,0.6303507685661316,0.6733307242393494,-0.04539118707180023,0.6499715447425842,0.6298180818557739,0.011539353057742119,0.5958661437034607,0.5983521938323975,-0.009966311044991016,0.5751667022705078,0.5999229550361633,-0.030998099595308304,0.566865861415863,0.6051732897758484,-0.04436100646853447,0.6693871021270752,0.592856764793396,0.00317356176674366,0.6153218746185303,0.5545176267623901,-0.012684141285717487,0.5940501093864441,0.5503859519958496,-0.025482352823019028,0.585151731967926,0.5538808703422546,-0.033284738659858704,0.6966807842254639,0.5637684464454651,-0.010189399123191833,0.6501849889755249,0.5251383781433105,-0.02339082583785057,0.6252653002738953,0.5170037150382996,-0.025094471871852875,0.6111878752708435,0.5183026194572449,-0.02472672052681446,0.7322668433189392,0.5431825518608093,-0.026179907843470573,0.697124183177948,0.5023794770240784,-0.03262916952371597,0.6743330359458923,0.4890056252479553,-0.029608307406306267,0.656920313835144,0.4858626425266266,-0.026644032448530197
halo,0.0,0.0,0.0,0.0,0.0,0.0,0.0,0.0,0.0,0.0,0.0,0.0,0.0,0.0,0.0,0.0,0.0,0.0,0.0,0.0,0.0,0.0,0.0,0.0,0.0,0.0,0.0,0.0,0.0,0.0,0.0,0.0,0.0,0.0,0.0,0.0,0.0,0.0,0.0,0.0,0.0,0.0,0.0,0.0,0.0,0.0,0.0,0.0,0.0,0.0,0.0,0.0,0.0,0.0,0.0,0.0,0.0,0.0,0.0,0.0,0.0,0.0,0.0,0.815915584564209,0.726032555103302,1.098999469206774e-08,0.7534710168838501,0.7618311643600464,-0.01220759842544794,0.691981315612793,0.7786969542503357,-0.019526373594999313,0.6450512409210205,0.7776564955711365,-0.02832993119955063,0.6064547300338745,0.7654386162757874,-0.03635803237557411,0.6582308411598206,0.6969859004020691,0.002192427171394229,0.5995343327522278,0.690148651599884,-0.014947040006518364,0.566064715385437,0.6886127591133118,-0.03139941394329071,0.5360146760940552,0.6866899132728577,-0.04283789172768593,0.6651646494865417,0.657597541809082,-0.003657591063529253,0.6005194783210754,0.6357397437095642,-0.01725037209689617,0.5625090003013611,0.6270889043807983,-0.02908225543797016,0.53019779920578,0.6215906739234924,-0.03772890567779541,0.6821596026420593,0.6234264969825745,-0.0135349715128541,0.6222846508026123,0.5970675945281982,-0.026442788541316986,0.5874105095863342,0.5878900289535522,-0.032401200383901596,0.5576624870300293,0.5850261449813843,-0.03628719970583916,0.7093088030815125,0.5924161076545715,-0.02570628933608532,0.6685783863067627,0.5578014850616455,-0.03496146947145462,0.6407438516616821,0.5425542593002319,-0.037045180797576904,0.6146162152290344,0.5353909730911255,-0.0382525660097599
halo,0.0,0.0,0.0,0.0,0.0,0.0,0.0,0.0,0.0,0.0,0.0,0.0,0.0,0.0,0.0,0.0,0.0,0.0,0.0,0.0,0.0,0.0,0.0,0.0,0.0,0.0,0.0,0.0,0.0,0.0,0.0,0.0,0.0,0.0,0.0,0.0,0.0,0.0,0.0,0.0,0.0,0.0,0.0,0.0,0.0,0.0,0.0,0.0,0.0,0.0,0.0,0.0,0.0,0.0,0.0,0.0,0.0,0.0,0.0,0.0,0.0,0.0,0.0,0.8107410669326782,0.7144120931625366,1.1419162859738208e-07,0.7508203983306885,0.7551720142364502,-0.011576492339372635,0.6924001574516296,0.7735719680786133,-0.016732241958379745,0.6465842127799988,0.7710411548614502,-0.023034214973449707,0.6107636094093323,0.7568773031234741,-0.028533389791846275,0.6600949764251709,0.696041464805603,0.003107916098088026,0.6005614995956421,0.6914654970169067,-0.011101515963673592,0.5659665465354919,0.6882811784744263,-0.024398108944296837,0.5360954403877258,0.6832106709480286,-0.03391895443201065,0.6650125980377197,0.656988799571991,-0.0020856745541095734,0.6020814776420593,0.6380431056022644,-0.013187048956751823,0.5656208992004395,0.6287508010864258,-0.023936057463288307,0.5351875424385071,0.6211867928504944,-0.03170768916606903,0.6792953014373779,0.6233049631118774,-0.010921558365225792,0.6215018630027771,0.6003575921058655,-0.022247377783060074,0.587576150894165,0.5922565460205078,-0.028223099187016487,0.5596442818641663,0.5895963907241821,-0.03209174796938896,0.7036915421485901,0.5924105048179626,-0.021776637062430382,0.6630247831344604,0.5645908713340759,-0.03043026104569435,0.6346977353096008,0.5530417561531067,-0.03265582397580147,0.6091359257698059,0.547950267791748,-0.03387398272752762
halo,0.0,0.0,0.0,0.0,0.0,0.0,0.0,0.0,0.0,0.0,0.0,0.0,0.0,0.0,0.0,0.0,0.0,0.0,0.0,0.0,0.0,0.0,0.0,0.0,0.0,0.0,0.0,0.0,0.0,0.0,0.0,0.0,0.0,0.0,0.0,0.0,0.0,0.0,0.0,0.0,0.0,0.0,0.0,0.0,0.0,0.0,0.0,0.0,0.0,0.0,0.0,0.0,0.0,0.0,0.0,0.0,0.0,0.0,0.0,0.0,0.0,0.0,0.0,0.8228785991668701,0.70143723487854,1.4333136277855374e-07,0.7529275417327881,0.7241265773773193,-0.011707871221005917,0.6902385950088501,0.7295193076133728,-0.019983865320682526,0.638690710067749,0.7246373295783997,-0.030450154095888138,0.6257659196853638,0.6828535795211792,-0.04038342460989952,0.669755220413208,0.6497979760169983,0.007727551274001598,0.6202425360679626,0.6236625909805298,-0.0093493377789855,0.589038074016571,0.6164168119430542,-0.02650347538292408,0.562522292137146,0.6117645502090454,-0.038813892751932144,0.6824029088020325,0.6144472360610962,0.0022131011355668306,0.6315830945968628,0.5848537087440491,-0.010623869486153126,0.600332498550415,0.5728693604469299,-0.02295154519379139,0.573005199432373,0.5657607913017273,-0.0313974991440773,0.7031478881835938,0.5837123394012451,-0.007236366160213947,0.6536080837249756,0.5537484884262085,-0.01938270777463913,0.6228048801422119,0.5395395755767822,-0.02258477918803692,0.5969316959381104,0.5321546792984009,-0.023628752678632736,0.7322542071342468,0.558451771736145,-0.01888655126094818,0.6926239132881165,0.5266120433807373,-0.025869887322187424,0.6659559607505798,0.5120651721954346,-0.024090327322483063,0.6426641941070557,0.5055075883865356,-0.022049399092793465
halo,0.0,0.0,0.0,0.0,0.0,0.0,0.0,0.0,0.0,0.0,0.0,0.0,0.0,0.0,0.0,0.0,0.0,0.0,0.0,0.0,0.0,0.0,0.0,0.0,0.0,0.0,0.0,0.0,0.0,0.0,0.0,0.0,0.0,0.0,0.0,0.0,0.0,0.0,0.0,0.0,0.0,0.0,0.0,0.0,0.0,0.0,0.0,0.0,0.0,0.0,0.0,0.0,0.0,0.0,0.0,0.0,0.0,0.0,0.0,0.0,0.0,0.0,0.0,0.8352757692337036,0.6799156665802002,1.322733709230306e-07,0.7695465087890625,0.7023217678070068,-0.0033722631633281708,0.7064250111579895,0.6946350932121277,-0.0023467352148145437,0.6629807353019714,0.6714640855789185,-0.003316386602818966,0.6351224780082703,0.6501003503799438,-0.00393066368997097,0.6823858618736267,0.6170365214347839,0.013925439678132534,0.64097660779953,0.57630854845047,0.0037167163100093603,0.615220308303833,0.550051212310791,-0.008210147731006145,0.5931171178817749,0.5295536518096924,-0.01751227118074894,0.6982986927032471,0.5810202360153198,0.0064349789172410965,0.6572015881538391,0.5360907912254333,-0.0024965410120785236,0.6319838762283325,0.5102517604827881,-0.013122384436428547,0.6090582609176636,0.489475280046463,-0.020662182942032814,0.7209217548370361,0.5534284710884094,-0.003973109181970358,0.6816269159317017,0.5096055865287781,-0.014491009525954723,0.6552028656005859,0.48322075605392456,-0.01771327294409275,0.6321489214897156,0.46085402369499207,-0.01938226819038391,0.7518042922019958,0.5328020453453064,-0.015639645978808403,0.7195495367050171,0.49373722076416016,-0.025334516540169716,0.6988999843597412,0.4705886244773865,-0.025336505845189095,0.6799801588058472,0.45159369707107544,-0.0242462120950222
halo,0.0,0.0,0.0,0.0,0.0,0.0,0.0,0.0,0.0,0.0,0.0,0.0,0.0,0.0,0.0,0.0,0.0,0.0,0.0,0.0,0.0,0.0,0.0,0.0,0.0,0.0,0.0,0.0,0.0,0.0,0.0,0.0,0.0,0.0,0.0,0.0,0.0,0.0,0.0,0.0,0.0,0.0,0.0,0.0,0.0,0.0,0.0,0.0,0.0,0.0,0.0,0.0,0.0,0.0,0.0,0.0,0.0,0.0,0.0,0.0,0.0,0.0,0.0,0.8344429731369019,0.6803151369094849,1.7390517825788265e-07,0.768889307975769,0.6990925669670105,-0.007773383986204863,0.7054784297943115,0.6921981573104858,-0.006974237039685249,0.6614410281181335,0.6770535111427307,-0.00737628573551774,0.6315978169441223,0.665167510509491,-0.007578155025839806,0.6925102472305298,0.5799120664596558,0.011597379110753536,0.6561534404754639,0.5405778884887695,0.003566158702597022,0.6326925754547119,0.5159309506416321,-0.007179680746048689,0.613849401473999,0.49454063177108765,-0.015543706715106964,0.7162444591522217,0.5416838526725769,0.006593252997845411,0.6786877512931824,0.49524158239364624,0.002038425300270319,0.65553218126297,0.46997714042663574,-0.006049195770174265,0.63597571849823,0.44972991943359375,-0.012144848704338074,0.7468112707138062,0.5142396688461304,-0.001792639377526939,0.7163283824920654,0.4647147059440613,-0.0103363748639822,0.6962624192237854,0.434548556804657,-0.014075190760195255,0.6801581382751465,0.41074562072753906,-0.015970299020409584,0.7847902774810791,0.4986543357372284,-0.011587103828787804,0.7657503485679626,0.450076162815094,-0.021948140114545822,0.753187894821167,0.4209010601043701,-0.023292895406484604,0.7422988414764404,0.39813706278800964,-0.022674044594168663
halo,0.0,0.0,0.0,0.0,0.0,0.0,0.0,0.0,0.0,0.0,0.0,0.0,0.0,0.0,0.0,0.0,0.0,0.0,0.0,0.0,0.0,0.0,0.0,0.0,0.0,0.0,0.0,0.0,0.0,0.0,0.0,0.0,0.0,0.0,0.0,0.0,0.0,0.0,0.0,0.0,0.0,0.0,0.0,0.0,0.0,0.0,0.0,0.0,0.0,0.0,0.0,0.0,0.0,0.0,0.0,0.0,0.0,0.0,0.0,0.0,0.0,0.0,0.0,0.8255326747894287,0.699856698513031,2.3809789695405925e-08,0.7605829834938049,0.7294161319732666,-0.012524832971394062,0.6941148638725281,0.7397092580795288,-0.020378507673740387,0.6460139751434326,0.7297229170799255,-0.029677510261535645,0.6189839839935303,0.7076960206031799,-0.037752941250801086,0.6722036600112915,0.6470202207565308,0.005679465364664793,0.620451807975769,0.6213768124580383,-0.010897458530962467,0.5896554589271545,0.6129502058029175,-0.027389172464609146,0.5633038282394409,0.6090574264526367,-0.03856943920254707,0.6841161251068115,0.6111683249473572,0.0003734055208042264,0.6296692490577698,0.5821021199226379,-0.01329151913523674,0.594201922416687,0.5723376274108887,-0.025609547272324562,0.5651913285255432,0.5684016346931458,-0.03377635404467583,0.7039194703102112,0.5823464393615723,-0.009368767030537128,0.6504339575767517,0.5511196255683899,-0.021586017683148384,0.6166094541549683,0.5385575294494629,-0.027780888602137566,0.5909507274627686,0.5331977009773254,-0.030814670026302338,0.7320090532302856,0.5591807961463928,-0.02141522243618965,0.6917869448661804,0.5245498418807983,-0.030484167858958244,0.6632325649261475,0.5091227293014526,-0.03271998092532158,0.6387835741043091,0.5005794763565063,-0.0330733023583889
halo,0.0,0.0,0.0,0.0,0.0,0.0,0.0,0.0,0.0,0.0,0.0,0.0,0.0,0.0,0.0,0.0,0.0,0.0,0.0,0.0,0.0,0.0,0.0,0.0,0.0,0.0,0.0,0.0,0.0,0.0,0.0,0.0,0.0,0.0,0.0,0.0,0.0,0.0,0.0,0.0,0.0,0.0,0.0,0.0,0.0,0.0,0.0,0.0,0.0,0.0,0.0,0.0,0.0,0.0,0.0,0.0,0.0,0.0,0.0,0.0,0.0,0.0,0.0,0.8014989495277405,0.717435359954834,1.682389125789996e-07,0.7459368109703064,0.7562451362609863,-0.012294217944145203,0.6873307824134827,0.7722030282020569,-0.01708618551492691,0.6403505802154541,0.7679328322410583,-0.022732583805918694,0.602145791053772,0.7574551105499268,-0.02767254412174225,0.65537029504776,0.6894455552101135,0.0025804948527365923,0.5997642278671265,0.6830637454986572,-0.010386698879301548,0.5672696828842163,0.6776084899902344,-0.022871728986501694,0.5391460657119751,0.6690069437026978,-0.032004136592149734,0.6623047590255737,0.65151047706604,-0.0017982970457524061,0.6028178930282593,0.6283489465713501,-0.012593992054462433,0.5662786364555359,0.6156129240989685,-0.02318366803228855,0.5364634990692139,0.6057729125022888,-0.030861420556902885,0.6794389486312866,0.6200774908065796,-0.009898076765239239,0.6259709596633911,0.5951361656188965,-0.021403636783361435,0.5927057266235352,0.5845234394073486,-0.028572965413331985,0.5655176043510437,0.5795118808746338,-0.0331810861825943,0.7059422731399536,0.5915530920028687,-0.019964832812547684,0.6687083840370178,0.5595573782920837,-0.02949296124279499,0.6424241065979004,0.5440179705619812,-0.033341649919748306,0.6186095476150513,0.5348331928253174,-0.03561105579137802
halo,0.0,0.0,0.0,0.0,0.0,0.0,0.0,0.0,0.0,0.0,0.0,0.0,0.0,0.0,0.0,0.0,0.0,0.0,0.0,0.0,0.0,0.0,0.0,0.0,0.0,0.0,0.0,0.0,0.0,0.0,0.0,0.0,0.0,0.0,0.0,0.0,0.0,0.0,0.0,0.0,0.0,0.0,0.0,0.0,0.0,0.0,0.0,0.0,0.0,0.0,0.0,0.0,0.0,0.0,0.0,0.0,0.0,0.0,0.0,0.0,0.0,0.0,0.0,0.8079850673675537,0.7071737051010132,9.91352706591897e-08,0.7470638751983643,0.7352520823478699,-0.007843551225960255,0.690074622631073,0.7444303035736084,-0.011934982612729073,0.646104633808136,0.7461583018302917,-0.01833881251513958,0.6130458116531372,0.7327927947044373,-0.02426283434033394,0.6628135442733765,0.6694369912147522,0.00902834627777338,0.6102968454360962,0.6569527387619019,-0.004645190667361021,0.578779935836792,0.6489596366882324,-0.01886683702468872,0.5520991683006287,0.6403132677078247,-0.029011573642492294,0.6712405681610107,0.6340551972389221,0.0020317588932812214,0.6156148314476013,0.6107437014579773,-0.008557175286114216,0.5815271139144897,0.5986158847808838,-0.02057001180946827,0.552890419960022,0.5893222093582153,-0.029140453785657883,0.6886759400367737,0.6016701459884644,-0.008264402858912945,0.6374053359031677,0.5726750493049622,-0.018638934940099716,0.6067715287208557,0.5583823919296265,-0.02377745322883129,0.5816872119903564,0.5502609610557556,-0.026823237538337708,0.7159112691879272,0.5730528831481934,-0.02027599699795246,0.6780704259872437,0.5412180423736572,-0.027517423033714294,0.6521502137184143,0.526267945766449,-0.027465952560305595,0.6294132471084595,0.51835036277771,-0.026743022724986076
halo,0.0,0.0,0.0,0.0,0.0,0.0,0.0,0.0,0.0,0.0,0.0,0.0,0.0,0.0,0.0,0.0,0.0,0.0,0.0,0.0,0.0,0.0,0.0,0.0,0.0,0.0,0.0,0.0,0.0,0.0,0.0,0.0,0.0,0.0,0.0,0.0,0.0,0.0,0.0,0.0,0.0,0.0,0.0,0.0,0.0,0.0,0.0,0.0,0.0,0.0,0.0,0.0,0.0,0.0,0.0,0.0,0.0,0.0,0.0,0.0,0.0,0.0,0.0,0.8043254017829895,0.7048472166061401,1.2989865183499205e-07,0.7455235719680786,0.7350106835365295,-0.00767575902864337,0.6892622709274292,0.7445049285888672,-0.012058381922543049,0.6470158696174622,0.7448581457138062,-0.018696540966629982,0.6144334077835083,0.7327545285224915,-0.02491992525756359,0.6617013216018677,0.6691481471061707,0.008651724085211754,0.6113741397857666,0.6544630527496338,-0.005096788983792067,0.581187903881073,0.6466588973999023,-0.019140444695949554,0.5553610920906067,0.6379196047782898,-0.02914411574602127,0.6700327396392822,0.6352522969245911,0.0012922995956614614,0.6144294142723083,0.6116804480552673,-0.010295159183442593,0.5799885988235474,0.5994672775268555,-0.02238203026354313,0.5508131980895996,0.5892113447189331,-0.0306706465780735,0.6876159906387329,0.60403972864151,-0.00946785043925047,0.6359699368476868,0.5741056203842163,-0.02159160189330578,0.6054773330688477,0.559349536895752,-0.0279607642441988,0.5801520943641663,0.5501142740249634,-0.03147095441818237,0.7153446674346924,0.575676679611206,-0.021786995232105255,0.67755126953125,0.5421279668807983,-0.030746208503842354,0.6530713438987732,0.5262489318847656,-0.03186754137277603,0.6309711933135986,0.5169434547424316,-0.031827013939619064
halo,0.0,0.0,0.0,0.0,0.0,0.0,0.0,0.0,0.0,0.0,0.0,0.0,0.0,0.0,0.0,0.0,0.0,0.0,0.0,0.0,0.0,0.0,0.0,0.0,0.0,0.0,0.0,0.0,0.0,0.0,0.0,0.0,0.0,0.0,0.0,0.0,0.0,0.0,0.0,0.0,0.0,0.0,0.0,0.0,0.0,0.0,0.0,0.0,0.0,0.0,0.0,0.0,0.0,0.0,0.0,0.0,0.0,0.0,0.0,0.0,0.0,0.0,0.0,0.8584282398223877,0.6057536005973816,3.132668950911466e-07,0.8028891086578369,0.6152615547180176,-0.023508308455348015,0.7491421699523926,0.5880894064903259,-0.03351574018597603,0.7127524018287659,0.5522456169128418,-0.04079486057162285,0.689773440361023,0.5163216590881348,-0.04695388674736023,0.7644143104553223,0.4925532639026642,-0.0170097965747118,0.7315561771392822,0.43487754464149475,-0.031510356813669205,0.7119482755661011,0.39734920859336853,-0.04361194372177124,0.6965354681015015,0.3657185435295105,-0.05235709249973297,0.7909533977508545,0.4686839282512665,-0.016709282994270325,0.7624396085739136,0.4032057523727417,-0.030091313645243645,0.7439337372779846,0.35700756311416626,-0.04286317154765129,0.7288954854011536,0.3184455931186676,-0.05158398672938347,0.8211534023284912,0.4572029113769531,-0.01982596144080162,0.7972888946533203,0.39277541637420654,-0.035477202385663986,0.7797294855117798,0.35090529918670654,-0.04843922704458237,0.7637612223625183,0.31533193588256836,-0.05615033954381943,0.8558743596076965,0.4548059403896332,-0.024830613285303116,0.8427965044975281,0.3961152136325836,-0.04009362682700157,0.8314986228942871,0.35974693298339844,-0.04873962327837944,0.8198214769363403,0.3277260661125183,-0.05369582772254944
halo,0.0,0.0,0.0,0.0,0.0,0.0,0.0,0.0,0.0,0.0,0.0,0.0,0.0,0.0,0.0,0.0,0.0,0.0,0.0,0.0,0.0,0.0,0.0,0.0,0.0,0.0,0.0,0.0,0.0,0.0,0.0,0.0,0.0,0.0,0.0,0.0,0.0,0.0,0.0,0.0,0.0,0.0,0.0,0.0,0.0,0.0,0.0,0.0,0.0,0.0,0.0,0.0,0.0,0.0,0.0,0.0,0.0,0.0,0.0,0.0,0.0,0.0,0.0,0.8604298233985901,0.6223920583724976,2.886606864649366e-07,0.8049824833869934,0.6342061758041382,-0.020828019827604294,0.7466879487037659,0.6165961623191833,-0.03267452493309975,0.7052144408226013,0.5928459167480469,-0.042672619223594666,0.680734395980835,0.5664470791816711,-0.051867835223674774,0.747221827507019,0.5120383501052856,-0.01673576794564724,0.7141643762588501,0.4568779468536377,-0.034536734223365784,0.6964150071144104,0.4197617173194885,-0.05025677755475044,0.6834026575088501,0.3876640200614929,-0.0609762966632843,0.7760884761810303,0.4796077013015747,-0.01788811758160591,0.7484625577926636,0.4166761636734009,-0.0308414027094841,0.7329349517822266,0.37615126371383667,-0.04221532866358757,0.7210061550140381,0.3399999737739563,-0.05035120248794556,0.8078527450561523,0.46014833450317383,-0.02227010577917099,0.7856926321983337,0.3985993564128876,-0.0344361811876297,0.7730048298835754,0.3606221079826355,-0.040095288306474686,0.7630932331085205,0.32951587438583374,-0.04360048472881317,0.8431574106216431,0.45244014263153076,-0.028988579288125038,0.8293722867965698,0.3981665074825287,-0.039056140929460526,0.8199220895767212,0.36662548780441284,-0.040395915508270264,0.8110083341598511,0.340916246175766,-0.04028154909610748
halo,0.0,0.0,0.0,0.0,0.0,0.0,0.0,0.0,0.0,0.0,0.0,0.0,0.0,0.0,0.0,0.0,0.0,0.0,0.0,0.0,0.0,0.0,0.0,0.0,0.0,0.0,0.0,0.0,0.0,0.0,0.0,0.0,0.0,0.0,0.0,0.0,0.0,0.0,0.0,0.0,0.0,0.0,0.0,0.0,0.0,0.0,0.0,0.0,0.0,0.0,0.0,0.0,0.0,0.0,0.0,0.0,0.0,0.0,0.0,0.0,0.0,0.0,0.0,0.8585237860679626,0.6618768572807312,-3.223648548100755e-08,0.8220779895782471,0.6585439443588257,-0.015390281565487385,0.775078296661377,0.6333522796630859,-0.019549470394849777,0.7350178956985474,0.6071025133132935,-0.023169828578829765,0.7004443407058716,0.5897562503814697,-0.02622716873884201,0.7406036257743835,0.5870544910430908,-0.005653223022818565,0.6837245225906372,0.556056559085846,-0.018513325601816177,0.6446110010147095,0.5387194156646729,-0.029644908383488655,0.6166162490844727,0.5274521112442017,-0.03799416497349739,0.7402805089950562,0.5679331421852112,-0.0067572565749287605,0.6816549301147461,0.5368793606758118,-0.02101058140397072,0.643407940864563,0.5201213359832764,-0.0344841405749321,0.6137353777885437,0.5102062821388245,-0.04354998096823692,0.7478019595146179,0.5541561841964722,-0.010830286890268326,0.6955369710922241,0.5214908123016357,-0.02485497295856476,0.657963216304779,0.5048081278800964,-0.03694973513484001,0.6284818649291992,0.4952189028263092,-0.04436185210943222,0.763369083404541,0.5434694886207581,-0.016466710716485977,0.7256618142127991,0.5101080536842346,-0.02999342978000641,0.6971347332000732,0.4918677806854248,-0.03840778395533562,0.6732272505760193,0.4789837598800659,-0.0433150976896286
halo,0.0,0.0,0.0,0.0,0.0,0.0,0.0,0.0,0.0,0.0,0.0,0.0,0.0,0.0,0.0,0.0,0.0,0.0,0.0,0.0,0.0,0.0,0.0,0.0,0.0,0.0,0.0,0.0,0.0,0.0,0.0,0.0,0.0,0.0,0.0,0.0,0.0,0.0,0.0,0.0,0.0,0.0,0.0,0.0,0.0,0.0,0.0,0.0,0.0,0.0,0.0,0.0,0.0,0.0,0.0,0.0,0.0,0.0,0.0,0.0,0.0,0.0,0.0,0.8294148445129395,0.6965514421463013,2.70162075821645e-07,0.7692527174949646,0.7308371663093567,-0.015839451923966408,0.7089822888374329,0.7387247085571289,-0.02024301514029503,0.6637863516807556,0.7292918562889099,-0.024529149755835533,0.6276804208755493,0.7224856615066528,-0.02787688747048378,0.6821404099464417,0.6573458909988403,0.0009269803413189948,0.6251940727233887,0.6424552798271179,-0.010793144814670086,0.5918008685112,0.6291887760162354,-0.021916504949331284,0.5650327205657959,0.6154388785362244,-0.029861951246857643,0.6924684643745422,0.6196933388710022,-0.0015631786081939936,0.6356024146080017,0.5909792184829712,-0.01182550098747015,0.600009560585022,0.5738467574119568,-0.022091282531619072,0.5714530944824219,0.5607243180274963,-0.028721928596496582,0.712611973285675,0.5893630385398865,-0.008177356794476509,0.661672830581665,0.5564778447151184,-0.01997215673327446,0.6286286115646362,0.5397612452507019,-0.028946099802851677,0.6014158129692078,0.5281466245651245,-0.03398314490914345,0.7417762279510498,0.5637805461883545,-0.0169295072555542,0.7070932388305664,0.5270421504974365,-0.027242690324783325,0.6809777021408081,0.5084795355796814,-0.03257283940911293,0.6565768122673035,0.495577871799469,-0.035363130271434784
halo,0.0,0.0,0.0,0.0,0.0,0.0,0.0,0.0,0.0,0.0,0.0,0.0,0.0,0.0,0.0,0.0,0.0,0.0,0.0,0.0,0.0,0.0,0.0,0.0,0.0,0.0,0.0,0.0,0.0,0.0,0.0,0.0,0.0,0.0,0.0,0.0,0.0,0.0,0.0,0.0,0.0,0.0,0.0,0.0,0.0,0.0,0.0,0.0,0.0,0.0,0.0,0.0,0.0,0.0,0.0,0.0,0.0,0.0,0.0,0.0,0.0,0.0,0.0,0.8261232376098633,0.6990377902984619,1.6901712740491348e-07,0.7621302604675293,0.7197512984275818,-0.009558862075209618,0.7023404240608215,0.7207781076431274,-0.013124829158186913,0.6563447713851929,0.7131111025810242,-0.01855921931564808,0.6349257230758667,0.6881306767463684,-0.023102158680558205,0.6774444580078125,0.6394178867340088,0.012508304789662361,0.6282988786697388,0.6197958588600159,0.0011183900060132146,0.5991605520248413,0.6097689270973206,-0.011632689274847507,0.5737081170082092,0.5991362929344177,-0.021533556282520294,0.6920257806777954,0.6015809178352356,0.006846858654171228,0.6432102918624878,0.5688686966896057,-0.0016454227734357119,0.6139427423477173,0.5513527989387512,-0.01219998300075531,0.5884562730789185,0.5372730493545532,-0.020057080313563347,0.7156308889389038,0.5705349445343018,-0.0027329714503139257,0.6724978685379028,0.5332972407341003,-0.012407624162733555,0.6456177830696106,0.514438271522522,-0.017261553555727005,0.6225275993347168,0.5023059844970703,-0.020262621343135834,0.7484525442123413,0.5464878678321838,-0.014221043325960636,0.7172222137451172,0.5075899958610535,-0.021103210747241974,0.6954296231269836,0.4882563352584839,-0.021673519164323807,0.6747987270355225,0.47622835636138916,-0.021756593137979507
halo,0.0,0.0,0.0,0.0,0.0,0.0,0.0,0.0,0.0,0.0,0.0,0.0,0.0,0.0,0.0,0.0,0.0,0.0,0.0,0.0,0.0,0.0,0.0,0.0,0.0,0.0,0.0,0.0,0.0,0.0,0.0,0.0,0.0,0.0,0.0,0.0,0.0,0.0,0.0,0.0,0.0,0.0,0.0,0.0,0.0,0.0,0.0,0.0,0.0,0.0,0.0,0.0,0.0,0.0,0.0,0.0,0.0,0.0,0.0,0.0,0.0,0.0,0.0,0.882736325263977,0.6233313083648682,1.96358868720381e-07,0.8264795541763306,0.6069505214691162,-0.020395824685692787,0.7745891809463501,0.5612675547599792,-0.03360665589570999,0.739771842956543,0.5178678035736084,-0.04518822208046913,0.7291077971458435,0.4722708463668823,-0.056147001683712006,0.8018174171447754,0.47270432114601135,-0.021097851917147636,0.7784296870231628,0.40830957889556885,-0.04224339872598648,0.7627444267272949,0.36612245440483093,-0.05995899438858032,0.7517561912536621,0.3310728073120117,-0.07178759574890137,0.8344831466674805,0.4534098505973816,-0.02332189306616783,0.8143750429153442,0.3824847340583801,-0.040012117475271225,0.800947904586792,0.3361166715621948,-0.052759699523448944,0.7902805805206299,0.2978132963180542,-0.0614917129278183,0.8686946630477905,0.44691088795661926,-0.028258688747882843,0.8542023301124573,0.3768862187862396,-0.04372686147689819,0.844115674495697,0.33294302225112915,-0.04866078868508339,0.8352797031402588,0.2987262010574341,-0.051008228212594986,0.9050576090812683,0.4524880349636078,-0.035274676978588104,0.9004057049751282,0.38998913764953613,-0.04751225933432579,0.8939871788024902,0.35171645879745483,-0.048559099435806274,0.8863316178321838,0.32247480750083923,-0.04782025143504143
halo,0.0,0.0,0.0,0.0,0.0,0.0,0.0,0.0,0.0,0.0,0.0,0.0,0.0,0.0,0.0,0.0,0.0,0.0,0.0,0.0,0.0,0.0,0.0,0.0,0.0,0.0,0.0,0.0,0.0,0.0,0.0,0.0,0.0,0.0,0.0,0.0,0.0,0.0,0.0,0.0,0.0,0.0,0.0,0.0,0.0,0.0,0.0,0.0,0.0,0.0,0.0,0.0,0.0,0.0,0.0,0.0,0.0,0.0,0.0,0.0,0.0,0.0,0.0,0.8935633301734924,0.6283760070800781,3.378455346592091e-07,0.8296424746513367,0.6077318787574768,-0.016111576929688454,0.7800129652023315,0.5558298230171204,-0.022688059136271477,0.7536799907684326,0.5033012628555298,-0.028507377952337265,0.7372099757194519,0.4587276875972748,-0.033619899302721024,0.809532880783081,0.46470096707344055,-0.009581884369254112,0.7900419235229492,0.3924824595451355,-0.02349729649722576,0.7796695828437805,0.34643876552581787,-0.035426344722509384,0.7709183692932129,0.30771729350090027,-0.04410289600491524,0.8437461256980896,0.4468297064304352,-0.013539697974920273,0.8300129771232605,0.36582499742507935,-0.02561994642019272,0.8219856023788452,0.3122885227203369,-0.037754520773887634,0.8146350979804993,0.2679678499698639,-0.046441733837127686,0.8787356019020081,0.4446432590484619,-0.02044222690165043,0.8699899911880493,0.36965399980545044,-0.034886278212070465,0.8622656464576721,0.3214375078678131,-0.04541818052530289,0.8533955812454224,0.2810891270637512,-0.05207846686244011,0.9144932627677917,0.45549994707107544,-0.02871614322066307,0.9164704084396362,0.39105334877967834,-0.04214930906891823,0.915092945098877,0.35030773282051086,-0.047637537121772766,0.9113510251045227,0.3153541684150696,-0.05056038498878479
halo,0.0,0.0,0.0,0.0,0.0,0.0,0.0,0.0,0.0,0.0,0.0,0.0,0.0,0.0,0.0,0.0,0.0,0.0,0.0,0.0,0.0,0.0,0.0,0.0,0.0,0.0,0.0,0.0,0.0,0.0,0.0,0.0,0.0,0.0,0.0,0.0,0.0,0.0,0.0,0.0,0.0,0.0,0.0,0.0,0.0,0.0,0.0,0.0,0.0,0.0,0.0,0.0,0.0,0.0,0.0,0.0,0.0,0.0,0.0,0.0,0.0,0.0,0.0,0.8969321846961975,0.634386420249939,2.991285157349921e-07,0.8314273953437805,0.6244328618049622,-0.02084255777299404,0.7673750519752502,0.5874074101448059,-0.03229624405503273,0.7279756665229797,0.5413822531700134,-0.041655585169792175,0.7216064929962158,0.49042609333992004,-0.04898025095462799,0.7929864525794983,0.4876205325126648,-0.012446735985577106,0.768208920955658,0.4152216613292694,-0.027489829808473587,0.7583667039871216,0.37100958824157715,-0.0405837744474411,0.7541530132293701,0.3331470489501953,-0.04970385879278183,0.8298308849334717,0.46036460995674133,-0.012244677171111107,0.8106884956359863,0.3832817077636719,-0.022205835208296776,0.8030926585197449,0.33345305919647217,-0.031493548303842545,0.8004153966903687,0.290585458278656,-0.03887280076742172,0.865696370601654,0.44804656505584717,-0.01565166376531124,0.8525621294975281,0.3766372799873352,-0.026494301855564117,0.8482972979545593,0.3319395184516907,-0.03193831816315651,0.8467945456504822,0.29562127590179443,-0.03556303679943085,0.9017793536186218,0.4474857747554779,-0.021264176815748215,0.8982166051864624,0.3871152997016907,-0.030647380277514458,0.8967622518539429,0.3525337874889374,-0.032542634755373,0.8957707285881042,0.3241388499736786,-0.03303414583206177
halo,0.0,0.0,0.0,0.0,0.0,0.0,0.0,0.0,0.0,0.0,0.0,0.0,0.0,0.0,0.0,0.0,0.0,0.0,0.0,0.0,0.0,0.0,0.0,0.0,0.0,0.0,0.0,0.0,0.0,0.0,0.0,0.0,0.0,0.0,0.0,0.0,0.0,0.0,0.0,0.0,0.0,0.0,0.0,0.0,0.0,0.0,0.0,0.0,0.0,0.0,0.0,0.0,0.0,0.0,0.0,0.0,0.0,0.0,0.0,0.0,0.0,0.0,0.0,0.8840250968933105,0.6656273603439331,2.1972820718474395e-07,0.8157331943511963,0.6630529165267944,-0.0187172070145607,0.74759441614151,0.6336480379104614,-0.028587425127625465,0.7082116603851318,0.5945444703102112,-0.036806996911764145,0.7001003623008728,0.5527622103691101,-0.04352809116244316,0.760364294052124,0.5293654799461365,-0.008086266927421093,0.7305579781532288,0.4730023443698883,-0.022599129006266594,0.7136155366897583,0.4382503628730774,-0.03730371966958046,0.7011829614639282,0.40889275074005127,-0.04833218827843666,0.7919446229934692,0.5009026527404785,-0.009803306311368942,0.7667732834815979,0.4392230808734894,-0.021074960008263588,0.7530703544616699,0.39794889092445374,-0.032856766134500504,0.7453433275222778,0.35997745394706726,-0.042163971811532974,0.8266081213951111,0.4872741401195526,-0.015057618729770184,0.8064714670181274,0.4266781508922577,-0.027208274230360985,0.7971559762954712,0.3853526711463928,-0.03381310775876045,0.7925928831100464,0.3493671417236328,-0.038596756756305695,0.8647105693817139,0.4853854775428772,-0.02249298244714737,0.8560205101966858,0.4350166320800781,-0.032792940735816956,0.8521798253059387,0.4058268070220947,-0.034511126577854156,0.8500280380249023,0.38031893968582153,-0.03514818474650383
halo,0.0,0.0,0.0,0.0,0.0,0.0,0.0,0.0,0.0,0.0,0.0,0.0,0.0,0.0,0.0,0.0,0.0,0.0,0.0,0.0,0.0,0.0,0.0,0.0,0.0,0.0,0.0,0.0,0.0,0.0,0.0,0.0,0.0,0.0,0.0,0.0,0.0,0.0,0.0,0.0,0.0,0.0,0.0,0.0,0.0,0.0,0.0,0.0,0.0,0.0,0.0,0.0,0.0,0.0,0.0,0.0,0.0,0.0,0.0,0.0,0.0,0.0,0.0,0.8778237700462341,0.6673734784126282,-6.672914310001943e-08,0.8111839890480042,0.6926101446151733,-0.010468730702996254,0.7399815917015076,0.6856669783592224,-0.0127297043800354,0.6921903491020203,0.6614958643913269,-0.01679087243974209,0.66352379322052,0.6339801549911499,-0.018944449722766876,0.7300227880477905,0.593567967414856,0.018936660140752792,0.6879171133041382,0.5595748424530029,0.007889611646533012,0.6614165306091309,0.5480557680130005,-0.005448407959192991,0.6397483348846436,0.5454396605491638,-0.01495155319571495,0.742341935634613,0.5570665001869202,0.014888153411448002,0.6952300667762756,0.525790810585022,0.005175713449716568,0.6626619696617126,0.5125890970230103,-0.006869403179734945,0.6355138421058655,0.5081784129142761,-0.015165825374424458,0.7607187628746033,0.5269927382469177,0.005869209300726652,0.7133833169937134,0.49393871426582336,-0.00388399139046669,0.6813514828681946,0.47879812121391296,-0.010506211780011654,0.6560161709785461,0.4731358587741852,-0.013846831396222115,0.7880741357803345,0.4993005692958832,-0.0053785271011292934,0.7530998587608337,0.4617618918418884,-0.012951575219631195,0.7277687191963196,0.4449089765548706,-0.01509028673171997,0.7056273818016052,0.434834361076355,-0.015425965189933777
halo,0.0,0.0,0.0,0.0,0.0,0.0,0.0,0.0,0.0,0.0,0.0,0.0,0.0,0.0,0.0,0.0,0.0,0.0,0.0,0.0,0.0,0.0,0.0,0.0,0.0,0.0,0.0,0.0,0.0,0.0,0.0,0.0,0.0,0.0,0.0,0.0,0.0,0.0,0.0,0.0,0.0,0.0,0.0,0.0,0.0,0.0,0.0,0.0,0.0,0.0,0.0,0.0,0.0,0.0,0.0,0.0,0.0,0.0,0.0,0.0,0.0,0.0,0.0,0.8475058078765869,0.699121356010437,2.6277385245521145e-07,0.7847436666488647,0.7255067229270935,-0.018959205597639084,0.7209827899932861,0.7371867895126343,-0.026187920942902565,0.6704679727554321,0.7258305549621582,-0.033102937042713165,0.633334755897522,0.7021369934082031,-0.03816794976592064,0.6956758499145508,0.6587873101234436,0.00175915053114295,0.64150470495224,0.6397214531898499,-0.013134324923157692,0.6105486154556274,0.6258938908576965,-0.02742622420191765,0.5841175317764282,0.6094996929168701,-0.037611763924360275,0.7077271342277527,0.6164301633834839,0.0010472902795299888,0.6548318266868591,0.5846234560012817,-0.009719288907945156,0.6235609650611877,0.5641191005706787,-0.02003517560660839,0.5970603823661804,0.5455371737480164,-0.027655087411403656,0.7296653985977173,0.5817940831184387,-0.00463993102312088,0.6846339702606201,0.54831862449646,-0.015897808596491814,0.6576695442199707,0.5307530760765076,-0.021806931123137474,0.6356233954429626,0.5187086462974548,-0.025273533537983894,0.7607665061950684,0.5517606139183044,-0.013154246844351292,0.7288861274719238,0.5140078067779541,-0.021925998851656914,0.7071824669837952,0.49470216035842896,-0.02517572045326233,0.6866057515144348,0.48149004578590393,-0.026870548725128174
halo,0.0,0.0,0.0,0.0,0.0,0.0,0.0,0.0,0.0,0.0,0.0,0.0,0.0,0.0,0.0,0.0,0.0,0.0,0.0,0.0,0.0,0.0,0.0,0.0,0.0,0.0,0.0,0.0,0.0,0.0,0.0,0.0,0.0,0.0,0.0,0.0,0.0,0.0,0.0,0.0,0.0,0.0,0.0,0.0,0.0,0.0,0.0,0.0,0.0,0.0,0.0,0.0,0.0,0.0,0.0,0.0,0.0,0.0,0.0,0.0,0.0,0.0,0.0,0.8439320921897888,0.6828193664550781,1.7597248813672195e-07,0.7767232656478882,0.7140322327613831,-0.007994454354047775,0.7120676040649414,0.7126390337944031,-0.009334597736597061,0.6668728590011597,0.6862975358963013,-0.011665765196084976,0.6473003625869751,0.6523273587226868,-0.012696247547864914,0.6903581023216248,0.6260013580322266,0.011638449504971504,0.6484009027481079,0.5894027948379517,0.00322729186154902,0.6227933764457703,0.5672671794891357,-0.007127315271645784,0.6018987894058228,0.55069500207901,-0.015171855688095093,0.710303008556366,0.5847151875495911,0.008089722134172916,0.6704650521278381,0.5461322069168091,0.0026377993635833263,0.6469050645828247,0.5243149399757385,-0.004697723779827356,0.6275045871734619,0.5085217356681824,-0.010291832499206066,0.7362974286079407,0.5508948564529419,0.0012616775929927826,0.6990310549736023,0.5137445330619812,-0.00552756292745471,0.676602303981781,0.49302417039871216,-0.005812424700707197,0.659273624420166,0.4803861379623413,-0.005586355458945036,0.7680506706237793,0.5244244337081909,-0.007318669464439154,0.7378019690513611,0.4868950843811035,-0.013194795697927475,0.7198253870010376,0.46947434544563293,-0.01099308393895626,0.7060383558273315,0.4599156975746155,-0.008322512730956078
halo,0.0,0.0,0.0,0.0,0.0,0.0,0.0,0.0,0.0,0.0,0.0,0.0,0.0,0.0,0.0,0.0,0.0,0.0,0.0,0.0,0.0,0.0,0.0,0.0,0.0,0.0,0.0,0.0,0.0,0.0,0.0,0.0,0.0,0.0,0.0,0.0,0.0,0.0,0.0,0.0,0.0,0.0,0.0,0.0,0.0,0.0,0.0,0.0,0.0,0.0,0.0,0.0,0.0,0.0,0.0,0.0,0.0,0.0,0.0,0.0,0.0,0.0,0.0,0.8920019865036011,0.6108084917068481,2.520604027722584e-07,0.8312844038009644,0.6113578677177429,-0.02162754349410534,0.7732612490653992,0.5819520950317383,-0.032951369881629944,0.7347683906555176,0.5445557236671448,-0.04236569628119469,0.7166526913642883,0.5028923153877258,-0.05049128085374832,0.7909234762191772,0.48434343934059143,-0.018242603167891502,0.7620009779930115,0.4202534258365631,-0.03576987236738205,0.7463059425354004,0.3791893720626831,-0.04992114380002022,0.7344471216201782,0.34319666028022766,-0.06002538651227951,0.8223221898078918,0.4580706059932709,-0.019769936800003052,0.7971158623695374,0.3878273367881775,-0.03437519446015358,0.7821136713027954,0.3401692509651184,-0.04691777378320694,0.7697896361351013,0.300256609916687,-0.056001417338848114,0.856598973274231,0.4460403621196747,-0.02462385967373848,0.8382212519645691,0.3795696496963501,-0.04035712033510208,0.8252681493759155,0.33822542428970337,-0.050280772149562836,0.8122063279151917,0.30467432737350464,-0.05641621723771095,0.8937356472015381,0.44610491394996643,-0.03139682486653328,0.8868095874786377,0.3877057731151581,-0.04579365253448486,0.8795716166496277,0.35284897685050964,-0.051855508238077164,0.8703554272651672,0.32456278800964355,-0.05522724241018295
halo,0.0,0.0,0.0,0.0,0.0,0.0,0.0,0.0,0.0,0.0,0.0,0.0,0.0,0.0,0.0,0.0,0.0,0.0,0.0,0.0,0.0,0.0,0.0,0.0,0.0,0.0,0.0,0.0,0.0,0.0,0.0,0.0,0.0,0.0,0.0,0.0,0.0,0.0,0.0,0.0,0.0,0.0,0.0,0.0,0.0,0.0,0.0,0.0,0.0,0.0,0.0,0.0,0.0,0.0,0.0,0.0,0.0,0.0,0.0,0.0,0.0,0.0,0.0,0.881714940071106,0.6351051330566406,2.2344467254242772e-07,0.8225452303886414,0.6440621018409729,-0.01770457997918129,0.7603383660316467,0.6206232905387878,-0.02777908556163311,0.7185848951339722,0.5907602310180664,-0.036814134567976,0.6976310014724731,0.5635772347450256,-0.044962894171476364,0.7648236751556396,0.5140072703361511,-0.011631753295660019,0.7328305840492249,0.4581137001514435,-0.027212444692850113,0.7125791311264038,0.42231032252311707,-0.04233046621084213,0.6962235569953918,0.3942384719848633,-0.05328087881207466,0.7944493293762207,0.479759156703949,-0.014885717071592808,0.7643389701843262,0.41752949357032776,-0.02647036500275135,0.7438362836837769,0.37928321957588196,-0.038123950362205505,0.7269162535667419,0.3477531671524048,-0.04683896154165268,0.8277238607406616,0.4606766104698181,-0.021162018179893494,0.8036201000213623,0.3987337648868561,-0.032078638672828674,0.7878934741020203,0.3610219955444336,-0.038090139627456665,0.7743107080459595,0.33132773637771606,-0.04249119013547897,0.8642548322677612,0.4555415213108063,-0.029616691172122955,0.8534961342811584,0.4010412395000458,-0.038499221205711365,0.8440465331077576,0.3714999258518219,-0.039434559643268585,0.8344566822052002,0.3492605686187744,-0.03941585496068001
